,Unnamed: 0,statnNo,statnNm,km,express,location,people,time,transfer,sameTrans,diffTrans,trainTrans,airTrans,platform,transport,store,public_med_facility,multi_facility
0,0,A07,Sengakuji,0.0,1,0,2.1528761144596684,-2.4494897427831783,0.5726371269248889,-0.6324555320336758,0.7725393039369072,0.0,0.0,1.3416407864998738,-0.6324555320336757,-2.652307158822261,-1.6937687147353957,-1.1668647623766208
1,1,A08,Mita,1.1,1,0,0.30807442638319377,0.4082482904638629,0.5726371269248889,1.5811388300841895,0.051502620262460455,0.0,0.0,1.3416407864998738,-0.6324555320336757,-1.4797082043955772,0.6775074858941582,-0.8945963178220759
2,2,A09,Daimon,2.6,1,0,0.3139105435690274,0.4082482904638629,1.3014480157383839,1.5811388300841895,0.7725393039369072,0.0,0.0,-0.74535599249993,-0.6324555320336757,0.24010359543022555,-0.3387537429470791,-0.8945963178220759
3,3,A10,Shimbashi,3.6,1,0,0.12510290227747503,0.4082482904638629,2.030258904551879,-0.6324555320336758,2.2146126712858005,0.0,0.0,-0.74535599249993,2.687936011143122,1.256356022600018,1.3550149717883164,0.4667459049506484
4,4,A11,Higashi-ginza,4.5,0,0,-0.12230137381362914,1.8371173070873834,0.5726371269248889,-0.6324555320336758,0.7725393039369072,0.0,0.0,-0.74535599249993,-0.6324555320336757,0.31827685905867115,0.0,1.011282794059738
5,5,A12,Takaracho,5.3,0,0,-1.0209456889614053,-1.0206207261596576,-1.6137955395155963,-0.6324555320336758,-1.390570747086433,0.0,0.0,-0.74535599249993,-0.6324555320336757,-1.0888418862533493,-1.0162612288412374,2.917161905941552
6,6,A13,Nihombashi,6.1,1,0,0.1019266213492941,0.4082482904638629,-0.15617376188860616,-0.6324555320336758,0.051502620262460455,0.0,0.0,-0.74535599249993,0.47434164902525683,0.24010359543022555,-0.6775074858941582,-0.622327873267531
7,7,A14,Ningyocho,6.9,0,0,-0.6509997707493096,0.4082482904638629,-0.15617376188860616,-0.6324555320336758,0.051502620262460455,0.0,0.0,1.3416407864998738,-0.6324555320336757,0.709143177200899,1.0162612288412374,-0.35005942871298623
8,8,A15,Higashi-nihombashi,7.6,1,0,-0.12763292755400168,0.4082482904638629,-0.15617376188860616,1.5811388300841895,-0.6695340634119863,0.0,0.0,-0.74535599249993,-0.6324555320336757,0.31827685905867115,-0.6775074858941582,-0.07779098415844135
9,9,A16,Asakusabashi,8.3,0,0,-0.5117066222390088,-1.0206207261596576,-0.8849846507021012,-0.6324555320336758,-0.6695340634119863,0.0,0.0,1.3416407864998738,0.47434164902525683,0.5527966499440079,-0.6775074858941582,0.1944774603961035
10,10,A17,Kuramae,9.0,0,0,-0.9204030130625188,0.4082482904638629,-0.8849846507021012,1.5811388300841895,-1.390570747086433,0.0,0.0,-0.74535599249993,-0.6324555320336757,0.4746233863155623,-0.3387537429470791,-0.622327873267531
11,11,A18,Asakusa,9.9,1,0,-0.6109037956166656,0.4082482904638629,-0.15617376188860616,-0.6324555320336758,0.051502620262460455,0.0,0.0,-0.74535599249993,0.47434164902525683,0.709143177200899,1.3550149717883164,0.4667459049506484
12,12,A19,Honjo-azumabashi,10.6,0,0,-1.207045506428983,0.4082482904638629,-1.6137955395155963,-0.6324555320336758,-1.390570747086433,0.0,0.0,-0.74535599249993,-0.6324555320336757,0.0055838045448888115,-0.6775074858941582,-0.35005942871298623
13,13,A20,Oshiage,11.4,1,0,2.170048090386862,-1.0206207261596576,0.5726371269248889,-0.6324555320336758,0.7725393039369072,0.0,0.0,1.3416407864998738,1.5811388300841893,0.3964501226871167,1.6937687147353957,-0.07779098415844135
14,0,701,Flushing­Main Street,0.0,1,0,0.3360265526297793,-1.5804338562079845,0.276042452459285,-0.48330009424352754,1.9205531989934395,1.6329931618554518,1.4638501094227998,-0.5423261445466404,-0.4714045207910318,1.1665936574924174,0.7288503939705184,3.5355339059327378
15,1,702,Mets­Willets Point,1.4,1,1,-0.5222957087063109,2.6597545384963643,-0.06134276721317437,-0.48330009424352754,0.9816160794855358,1.6329931618554518,1.4638501094227998,-0.5423261445466404,2.121320343559643,-2.049915225828712,-1.103687739441071,-0.7071067811865476
16,2,703,111 St,2.3,0,1,-0.42224612186386623,0.9636791806146248,-0.3987279868856337,-0.48330009424352754,0.04267895997763195,-0.6123724356957944,1.4638501094227998,-0.5423261445466404,-0.4714045207910318,-0.44166078416814747,-0.4164859394117249,-0.47140452079103173
17,3,704,103rd Street­Corona Plaza,2.9,0,1,-0.280737630884655,0.11564150167375503,-0.7361132065580931,-0.48330009424352754,-0.8962581595302718,-0.6123724356957944,-0.6831300510639732,-0.5423261445466404,-0.4714045207910318,1.0995830557565605,0.9579176606469672,0.47140452079103173
18,4,705,Junction Boulevard,3.5,0,1,-0.2540322113507631,-0.7323961772671147,-0.3987279868856337,-0.48330009424352754,0.04267895997763195,-0.6123724356957944,1.4638501094227998,-0.5423261445466404,-0.4714045207910318,0.8985512505489899,0.7288503939705184,0.23570226039551587
19,5,706,90th Street­Elmhurst Avenue,4.1,0,1,-0.34295621964022044,-0.7323961772671147,-0.7361132065580931,-0.48330009424352754,-0.8962581595302718,-0.6123724356957944,-0.6831300510639732,-0.5423261445466404,-0.4714045207910318,0.4294770383979918,3.4776575940879026,0.23570226039551587
20,6,707,82nd Street­Jackson Heights,4.7,0,1,-0.36387714452790326,-0.7323961772671147,-0.7361132065580931,-0.48330009424352754,-0.8962581595302718,-0.6123724356957944,-0.6831300510639732,-0.5423261445466404,0.8249579113843056,1.1665936574924174,0.7288503939705184,2.121320343559643
21,7,708,74th Street­Broadway,5.4,0,1,0.3089180324236777,-0.7323961772671147,1.288198111476663,0.6981001361295398,1.9205531989934395,-0.6123724356957944,1.4638501094227998,-0.5423261445466404,3.4176827757349804,0.8985512505489899,0.49978312729406976,0.23570226039551587
22,8,709,69th Street,5.8,0,1,-0.5477313611227423,0.11564150167375503,-0.3987279868856337,-0.48330009424352754,0.04267895997763195,-0.6123724356957944,1.4638501094227998,-0.5423261445466404,0.8249579113843056,-0.24062897896057686,-0.1874186727352762,-0.7071067811865476
23,9,710,61st Street­Woodside,6.3,1,1,-0.338945367951734,0.11564150167375503,0.276042452459285,-0.48330009424352754,1.9205531989934395,1.6329931618554518,1.4638501094227998,-0.5423261445466404,-0.4714045207910318,0.7645300470772761,-1.103687739441071,-0.23570226039551587
24,10,711,52nd Street,7.2,0,1,-0.528785629528887,0.11564150167375503,-0.7361132065580931,-0.48330009424352754,-0.8962581595302718,-0.6123724356957944,-0.6831300510639732,-0.5423261445466404,-0.4714045207910318,-0.709703191111575,-0.4164859394117249,-0.47140452079103173
25,11,712,46th Street­Bliss Street,7.8,0,1,-0.4121887600922345,-0.7323961772671147,-0.7361132065580931,-0.48330009424352754,-0.8962581595302718,-0.6123724356957944,-0.6831300510639732,-0.5423261445466404,-0.4714045207910318,0.9655618522848467,-0.4164859394117249,-0.23570226039551587
26,12,713,40th Street­Lowery Street,8.2,0,1,-0.4643499870761682,-0.7323961772671147,-0.7361132065580931,-0.48330009424352754,-0.8962581595302718,-0.6123724356957944,-0.6831300510639732,-0.5423261445466404,-0.4714045207910318,0.2954558349262781,-0.8746204727646222,-0.7071067811865476
27,13,714,33rd Street­Rawson Street,8.9,0,1,-0.4735809924697701,-0.7323961772671147,-0.7361132065580931,-0.48330009424352754,-0.8962581595302718,-0.6123724356957944,-0.6831300510639732,-0.5423261445466404,-0.4714045207910318,-0.9777455980550024,-0.8746204727646222,-0.7071067811865476
28,14,715,Queensboro Plaza,9.8,1,1,-0.3570042780667281,0.11564150167375503,-0.06134276721317437,0.30430005933851734,-0.8962581595302718,-0.6123724356957944,-0.6831300510639732,1.8439088914585773,-0.4714045207910318,0.0274134279828506,-0.4164859394117249,-0.7071067811865476
29,15,716,Court Square,10.6,1,1,-0.24572833750324352,0.11564150167375503,0.276042452459285,0.6981001361295398,-0.8962581595302718,-0.6123724356957944,-0.6831300510639732,-0.5423261445466404,-0.4714045207910318,-0.17361837722472,-0.6455532060881736,0.47140452079103173
30,16,717,Hunters Point Avenue,11.3,1,1,-0.5299747765119055,0.11564150167375503,-0.3987279868856337,-0.48330009424352754,0.04267895997763195,1.6329931618554518,-0.6831300510639732,-0.5423261445466404,-0.4714045207910318,-1.5138304119418573,-1.103687739441071,-0.7071067811865476
31,17,718,Vernon Boulevard­Jackson Avenue,11.7,1,0,-0.37883217946688275,-0.7323961772671147,-0.3987279868856337,-0.48330009424352754,0.04267895997763195,1.6329931618554518,-0.6831300510639732,-0.5423261445466404,-0.4714045207910318,0.2954558349262781,0.49978312729406976,0.0
32,18,719,Grand Central­42nd Street,14.0,1,0,1.8919346822583465,1.8117168595554944,1.288198111476663,1.0919002129205622,0.9816160794855358,1.6329931618554518,-0.6831300510639732,1.8439088914585773,0.8249579113843056,1.300614860964131,0.2707158606176211,-0.23570226039551587
33,19,720,Fifth Avenue,14.7,1,0,0.31641570492677795,0.11564150167375503,0.6134276721317443,1.0919002129205622,-0.8962581595302718,-0.6123724356957944,-0.6831300510639732,1.8439088914585773,-0.4714045207910318,-1.6478516154135712,-0.6455532060881736,-0.7071067811865476
34,20,721,Times Square­42nd Street,15.2,1,0,3.9067930822312547,-0.7323961772671147,3.6498946491838784,3.8485007504577196,0.9816160794855358,-0.6123724356957944,-0.6831300510639732,1.8439088914585773,-0.4714045207910318,-0.17361837722472,0.2707158606176211,-0.23570226039551587
35,21,722,34th Street­Hudson Yards,16.9,1,0,-0.2968213477058216,1.8117168595554944,-0.3987279868856337,-0.48330009424352754,0.04267895997763195,-0.6123724356957944,-0.6831300510639732,1.8439088914585773,-0.4714045207910318,-1.3798092084701437,0.04164859394117245,-0.47140452079103173
36,0,DT01,시부야,0.0,1,0,4.758730171927838,-2.8329691642716983,4.794423703623303,2.097617696340303,4.959409710928415,5.099019513592785,5.099019513592785,2.82842712474619,1.801996396010812,1.5273834265147133,-0.8905590829213794,3.051080285585895
37,1,DT02,이케지리오하시,1.9,0,0,-0.1812705820208634,0.05345224838248503,-0.36064249098051393,-0.47673129462279606,-0.2917299829957891,-0.19611613513818404,-0.19611613513818404,-0.35355339059327373,-1.0599978800063599,0.7088924605503402,-0.7070087375864386,-0.8104432008587534
38,2,DT03,산겐자야,3.3,1,0,0.4986500629414251,0.05345224838248503,0.2121426417532435,2.097617696340303,-0.2917299829957891,-0.19611613513818404,-0.19611613513818404,-0.35355339059327373,-1.0599978800063599,0.7718533040860612,2.4133471331075547,0.4767312946227961
39,3,DT04,코마자와다이가쿠,4.8,0,0,-0.07474190224898442,1.4966629547095767,-0.36064249098051393,-0.47673129462279606,-0.2917299829957891,-0.19611613513818404,-0.19611613513818404,2.82842712474619,-1.0599978800063599,0.7088924605503402,0.2107429890882653,-0.8104432008587534
40,4,DT05,사쿠라신마치,6.3,0,0,-0.12999081499343393,1.4966629547095767,-0.36064249098051393,-0.47673129462279606,-0.2917299829957891,-0.19611613513818404,-0.19611613513818404,-0.35355339059327373,-1.0599978800063599,0.7718533040860612,-0.33990804691655707,-0.8104432008587534
41,5,DT06,요가,7.6,0,0,-0.14526903418558132,0.05345224838248503,-0.36064249098051393,-0.47673129462279606,-0.2917299829957891,-0.19611613513818404,-0.19611613513818404,-0.35355339059327373,0.37099925800222605,0.7088924605503402,1.1284947157629692,-0.8104432008587534
42,6,DT07,후타코타마가와,9.4,1,1,0.1015958730483723,1.4966629547095767,0.2121426417532435,2.097617696340303,-0.2917299829957891,-0.19611613513818404,-0.19611613513818404,-0.35355339059327373,-1.0599978800063599,1.5903442700504342,-0.33990804691655707,2.4074930378451205
43,7,DT08,후타코신치,10.1,0,1,-0.5566839523010182,0.05345224838248503,-0.36064249098051393,-0.47673129462279606,-0.2917299829957891,-0.19611613513818404,-0.19611613513818404,-0.35355339059327373,-1.0599978800063599,0.5829707734788981,-0.5234583922514978,-0.8104432008587534
44,8,DT09,다카쓰,10.7,0,1,-0.4838630929400127,0.05345224838248503,-0.36064249098051393,-0.47673129462279606,-0.2917299829957891,-0.19611613513818404,-0.19611613513818404,-0.35355339059327373,-1.0599978800063599,0.5200099299431772,0.2107429890882653,-0.16685595311797868
45,9,DT10,미조노쿠치,11.4,1,1,0.5958442693687546,-1.3897584579446067,0.7849277744870008,2.097617696340303,0.3646624787447364,-0.19611613513818404,-0.19611613513818404,-0.35355339059327373,1.801996396010812,0.5200099299431772,-0.8905590829213794,0.4767312946227961
46,10,DT11,카지가야,12.2,0,1,-0.4054375604811046,0.05345224838248503,-0.36064249098051393,-0.47673129462279606,-0.2917299829957891,-0.19611613513818404,-0.19611613513818404,-0.35355339059327373,-1.0599978800063599,-0.7392069407712428,-0.15635770158161627,-0.16685595311797868
47,11,DT12,미야자키다이,13.7,0,1,-0.3043539901602128,0.05345224838248503,-0.36064249098051393,-0.47673129462279606,-0.2917299829957891,-0.19611613513818404,-0.19611613513818404,-0.35355339059327373,0.37099925800222605,-0.48736356662835884,1.8626960971027324,0.4767312946227961
48,12,DT13,미야마에다이라,14.7,0,1,-0.3163511818626628,-1.3897584579446067,-0.36064249098051393,-0.47673129462279606,-0.2917299829957891,-0.19611613513818404,-0.19611613513818404,-0.35355339059327373,0.37099925800222605,-0.04663766187831184,0.3942933344232061,-0.16685595311797868
49,13,DT14,사기누마,15.7,1,1,-0.1844020185915777,0.05345224838248503,-0.36064249098051393,-0.47673129462279606,-0.2917299829957891,-0.19611613513818404,-0.19611613513818404,-0.35355339059327373,0.37099925800222605,-1.2428936890570108,-0.7070087375864386,-0.16685595311797868
50,14,DT15,타마 플라자,17.1,1,1,-0.010846634387307878,0.05345224838248503,-0.36064249098051393,-0.47673129462279606,-0.2917299829957891,-0.19611613513818404,-0.19611613513818404,-0.35355339059327373,1.801996396010812,0.7088924605503402,-0.7070087375864386,0.4767312946227961
51,15,DT16,아자미노,18.2,1,1,0.37552676389034684,0.05345224838248503,0.2121426417532435,-0.47673129462279606,0.3646624787447364,-0.19611613513818404,-0.19611613513818404,-0.35355339059327373,0.37099925800222605,0.6459316170146192,1.1284947157629692,-0.8104432008587534
52,16,DT17,에다,19.3,0,1,-0.4468941904953061,0.05345224838248503,-0.36064249098051393,-0.47673129462279606,-0.2917299829957891,-0.19611613513818404,-0.19611613513818404,-0.35355339059327373,0.37099925800222605,-0.8651286278426848,-0.5234583922514978,-0.8104432008587534
53,17,DT18,이치가오,20.6,0,1,-0.3788901587255586,0.05345224838248503,-0.36064249098051393,-0.47673129462279606,-0.2917299829957891,-0.19611613513818404,-0.19611613513818404,-0.35355339059327373,0.37099925800222605,-0.04663766187831184,0.027192643753324516,-0.16685595311797868
54,18,DT19,후지가오카,22.1,0,1,-0.5027015760039595,0.05345224838248503,-0.36064249098051393,-0.47673129462279606,-0.2917299829957891,-0.19611613513818404,-0.19611613513818404,-0.35355339059327373,0.37099925800222605,0.8977749911575031,1.1284947157629692,-0.16685595311797868
55,19,DT20,아오바다이,23.1,1,1,0.1688718956790684,-1.3897584579446067,-0.36064249098051393,-0.47673129462279606,-0.2917299829957891,-0.19611613513818404,-0.19611613513818404,-0.35355339059327373,0.37099925800222605,0.33112739933601415,-0.8905590829213794,1.7639057901043456
56,20,DT21,다나,24.5,0,1,-0.6597022318407588,0.05345224838248503,-0.36064249098051393,-0.47673129462279606,-0.2917299829957891,-0.19611613513818404,-0.19611613513818404,-0.35355339059327373,0.37099925800222605,-1.8095412808784999,-0.8905590829213794,-0.8104432008587534
57,21,DT22,나가츠타,25.6,1,1,0.3638586722096599,1.4966629547095767,0.7849277744870008,2.097617696340303,0.3646624787447364,-0.19611613513818404,-0.19611613513818404,-0.35355339059327373,-1.0599978800063599,-0.6762460972355219,-0.33990804691655707,-0.16685595311797868
58,22,DT23,쓰쿠시노,26.8,0,1,-0.6455210127211546,-1.3897584579446067,-0.36064249098051393,-0.47673129462279606,-0.2917299829957891,-0.19611613513818404,-0.19611613513818404,-0.35355339059327373,0.37099925800222605,-1.116972001985569,-1.0741094282563202,0.4767312946227961
59,23,DT24,스즈카케다이,28.0,0,1,-0.6495599675337002,0.05345224838248503,-0.36064249098051393,-0.47673129462279606,-0.2917299829957891,-0.19611613513818404,-0.19611613513818404,-0.35355339059327373,-1.0599978800063599,-1.8725021244142208,-0.8905590829213794,-0.8104432008587534
60,24,DT25,미나미마치다그랑베리파크,29.2,1,1,-0.3230927459448375,0.05345224838248503,-0.36064249098051393,-0.47673129462279606,-0.2917299829957891,-0.19611613513818404,-0.19611613513818404,-0.35355339059327373,1.801996396010812,-0.5503244101640798,0.5778436797581469,-0.8104432008587534
61,25,DT26,츠키미노,30.3,0,1,-0.647236321925495,0.05345224838248503,-0.36064249098051393,-0.47673129462279606,-0.2917299829957891,-0.19611613513818404,-0.19611613513818404,-0.35355339059327373,-1.0599978800063599,-2.124345498557105,-1.257659773591261,-0.8104432008587534
62,26,DT27,주오린칸,31.5,1,0,0.18373126029806294,1.4966629547095767,0.2121426417532435,-0.47673129462279606,0.3646624787447364,-0.19611613513818404,-0.19611613513818404,2.82842712474619,0.37099925800222605,0.5829707734788981,2.046246442437673,0.4767312946227961
63,0,TJ16,미즈호다이,0.0,0,1,-0.5367638376341404,-3.3026075296415955,-0.6733259802262709,-1.1147728228665883,-0.44758570505996825,-0.32444284226152503,-0.22360679774997896,0.6324555320336758,1.5954480704349314,0.599245184191841,0.15617376188860607,-0.5733036497128153
64,1,TJ15,야나세가와,1.3,0,1,-0.70215289957483,-0.287183263447095,-0.6733259802262709,-1.1147728228665883,-0.44758570505996825,-0.32444284226152503,-0.22360679774997896,0.6324555320336758,0.39886201760873286,-1.446453892876858,-0.17179113807746663,-0.5733036497128153
65,2,TJ14,시키,2.8,0,1,-0.07011309101891466,-0.287183263447095,-0.6733259802262709,-1.1147728228665883,-0.44758570505996825,-0.32444284226152503,-0.22360679774997896,-1.5811388300841895,0.39886201760873286,-0.20663627041097984,0.4841386618546788,-0.5733036497128153
66,3,TJ13,아사카다이,4.2,1,1,0.3938181245191548,-0.287183263447095,-0.26933039209050835,-1.1147728228665883,0.04711428474315455,-0.32444284226152503,-0.22360679774997896,-1.5811388300841895,1.5954480704349314,0.599245184191841,1.1400684617868242,-0.5733036497128153
67,4,TJ12,아사카,6.6,0,1,-0.31826597134592743,1.2205288696501553,-0.6733259802262709,-1.1147728228665883,-0.44758570505996825,-0.32444284226152503,-0.22360679774997896,-1.5811388300841895,1.5954480704349314,0.41327254082195924,2.779892961617188,-0.2723192336135873
68,5,F-01,와코시,8.1,1,1,0.47257193370572215,-0.287183263447095,0.13466519604525415,0.34836650714580897,0.04711428474315455,-0.32444284226152503,-0.22360679774997896,0.6324555320336758,1.5954480704349314,0.4752634219452532,0.4841386618546788,-0.2723192336135873
69,6,F-02,치카테츠나리마스,10.3,0,0,-0.4683078706473783,1.2205288696501553,-0.26933039209050835,0.34836650714580897,-0.44758570505996825,-0.32444284226152503,-0.22360679774997896,0.6324555320336758,0.39886201760873286,0.7232269464384288,0.4841386618546788,0.028665182485640803
70,7,F-03,지카테쓰 아카쓰카,11.7,0,0,-0.5356725608324789,-0.287183263447095,-0.26933039209050835,0.34836650714580897,-0.44758570505996825,-0.32444284226152503,-0.22360679774997896,0.6324555320336758,-0.7977240352174656,0.6612360653151349,1.1400684617868242,-0.2723192336135873
71,8,F-04,헤이와다이,13.5,0,0,-0.516332710847479,1.2205288696501553,-0.26933039209050835,0.34836650714580897,-0.44758570505996825,-0.32444284226152503,-0.22360679774997896,0.6324555320336758,-0.7977240352174656,-1.0125177250138007,-0.17179113807746663,-0.5733036497128153
72,9,F-05,히카와다이,14.9,0,0,-0.5510370453257123,-0.287183263447095,-0.26933039209050835,0.34836650714580897,-0.44758570505996825,-0.32444284226152503,-0.22360679774997896,-1.5811388300841895,-0.7977240352174656,-0.3926089137808616,-0.49975603804353935,-0.2723192336135873
73,10,F-06,코타케무카이하라,16.4,1,0,0.6202493999369065,-0.287183263447095,0.13466519604525415,0.34836650714580897,0.04711428474315455,-0.32444284226152503,-0.22360679774997896,-1.5811388300841895,-0.7977240352174656,-1.9423809418632094,-1.1556858379756847,-0.5733036497128153
74,11,F-07,센카와,17.4,0,0,-0.5496859407141315,-0.287183263447095,-0.26933039209050835,0.34836650714580897,-0.44758570505996825,-0.32444284226152503,-0.22360679774997896,0.6324555320336758,-0.7977240352174656,0.1033181352054897,0.8121035618207515,-0.5733036497128153
75,12,F-08,카나메쵸,18.5,0,0,-0.539907754134165,-0.287183263447095,-0.26933039209050835,0.34836650714580897,-0.44758570505996825,-0.32444284226152503,-0.22360679774997896,0.6324555320336758,-0.7977240352174656,-0.08265450816439203,0.4841386618546788,-0.2723192336135873
76,13,F-09,이케부쿠로,19.4,1,0,3.1439742395379433,-0.287183263447095,2.9626343129955917,1.8115058371582062,3.0153142235618913,3.082207001484488,-0.22360679774997896,0.6324555320336758,-0.7977240352174656,1.4051266387946617,-1.4836507379417574,1.533587262981781
77,14,F-10,조시가야,21.2,0,0,-0.6978830625651546,1.2205288696501553,-0.26933039209050835,-1.1147728228665883,0.04711428474315455,-0.32444284226152503,-0.22360679774997896,0.6324555320336758,-0.7977240352174656,-0.5165906760274493,-0.827720938009612,-0.5733036497128153
78,15,F-11,니시와세다,22.7,0,0,-0.5666873404098569,1.2205288696501553,-0.6733259802262709,-1.1147728228665883,-0.44758570505996825,-0.32444284226152503,-0.22360679774997896,0.6324555320336758,-0.7977240352174656,-1.8183991796166215,-0.49975603804353935,-0.5733036497128153
79,16,F-12,히가시신주쿠,23.6,0,0,-0.5472089155929,-0.287183263447095,-0.26933039209050835,0.34836650714580897,-0.44758570505996825,-0.32444284226152503,-0.22360679774997896,-1.5811388300841895,-0.7977240352174656,0.28929077857537144,-1.4836507379417574,-0.5733036497128153
80,17,F-13,신주쿠산초메,24.7,1,0,0.2668056301035593,-0.287183263447095,0.13466519604525415,1.8115058371582062,-0.44758570505996825,-0.32444284226152503,-0.22360679774997896,0.6324555320336758,-0.7977240352174656,1.5910992821645435,0.15617376188860607,3.6404781756763778
81,18,F-14,키타산도,26.1,0,0,-0.6725065464630274,1.2205288696501553,-0.6733259802262709,-1.1147728228665883,-0.44758570505996825,-0.32444284226152503,-0.22360679774997896,0.6324555320336758,-0.7977240352174656,-1.1364994872603884,0.15617376188860607,0.32964959858486886
82,19,F-15,메이지진구마에〈하라주쿠〉,27.3,1,0,-0.10534574204398404,-0.287183263447095,0.13466519604525415,0.34836650714580897,0.04711428474315455,-0.32444284226152503,-0.22360679774997896,0.6324555320336758,0.39886201760873286,0.16530901632878361,-1.1556858379756847,0.32964959858486886
83,20,F-16,시부야,28.3,1,0,2.4804519613467955,-0.287183263447095,2.9626343129955917,1.8115058371582062,3.0153142235618913,3.082207001484488,4.47213595499958,0.6324555320336758,1.5954480704349314,1.5291084010412497,-0.827720938009612,1.232602846882553
84,0,601,Pelham Bay Park,0.0,1,1,-0.5421387099342818,-3.1757178577444893,-0.3308912980041792,-0.6379527762554914,0.8589556903873338,-0.3429971702850177,-0.23570226039551584,1.9364916731037087,-0.3892494720807616,-0.8790208695658189,-0.6763222343719615,-0.5569282150859187
85,1,602,Buhre Avenue,0.9,1,1,-0.6511701809519423,-0.3399593529178172,-0.7500202754761396,-0.6379527762554914,-0.6246950475544245,-0.3429971702850177,-0.23570226039551584,-0.5163977794943223,-0.3892494720807616,0.6142804664965837,-0.20039177314724785,0.06552096648069632
86,2,603,Middletown Road,1.3,1,1,-0.7116448004011764,-0.3399593529178172,-0.7500202754761396,-0.6379527762554914,-0.6246950475544245,-0.3429971702850177,-0.23570226039551584,-0.5163977794943223,-0.3892494720807616,-1.6649689411776099,-0.9142874649843183,0.06552096648069632
87,3,604,Westchester Square­East Tremont Avenue,2.1,1,1,-0.5794219972911332,0.6052934820244068,-0.7500202754761396,-0.6379527762554914,-0.6246950475544245,-0.3429971702850177,-0.23570226039551584,-0.5163977794943223,-0.3892494720807616,-0.2502624122763862,-0.20039177314724785,-0.2457036243026112
88,4,605,Zerega Avenue,2.6,1,1,-0.6898224011059135,-1.2852121878600413,-0.7500202754761396,-0.6379527762554914,-0.6246950475544245,-0.3429971702850177,-0.23570226039551584,-0.5163977794943223,-0.3892494720807616,0.22130643069068834,-0.9142874649843183,0.06552096648069632
89,5,606,Castle Hill Avenue,3.1,1,1,-0.5619882354925192,-1.2852121878600413,-0.7500202754761396,-0.6379527762554914,-0.6246950475544245,-0.3429971702850177,-0.23570226039551584,-0.5163977794943223,-0.3892494720807616,0.9286596951413001,-0.6763222343719615,-0.2457036243026112
90,6,607,Parkchester,3.9,1,1,-0.2553070262083538,0.6052934820244068,-0.3308912980041792,-0.6379527762554914,0.8589556903873338,-0.3429971702850177,-0.23570226039551584,1.9364916731037087,-0.3892494720807616,-0.2502624122763862,0.5135039186898226,-0.5569282150859187
91,7,608,St. Lawrence Avenue,4.6,0,1,-0.6367561238528572,-0.3399593529178172,-0.7500202754761396,-0.6379527762554914,-0.6246950475544245,-0.3429971702850177,-0.23570226039551584,-0.5163977794943223,-0.3892494720807616,0.3784960450130465,-0.4383570037596047,-0.2457036243026112
92,8,609,Morrison Avenue­Soundview,5.2,0,1,-0.5602569381314558,-0.3399593529178172,-0.7500202754761396,-0.6379527762554914,-0.6246950475544245,-0.3429971702850177,-0.23570226039551584,-0.5163977794943223,-0.3892494720807616,0.6142804664965837,0.037573457465108984,-0.5569282150859187
93,9,610,Elder Avenue,5.7,0,1,-0.557358021619908,-0.3399593529178172,-0.7500202754761396,-0.6379527762554914,-0.6246950475544245,-0.3429971702850177,-0.23570226039551584,-0.5163977794943223,-0.3892494720807616,0.5356856593354047,0.037573457465108984,-0.5569282150859187
94,10,611,Whitlock Avenue,6.4,0,1,-0.7128526822809881,0.6052934820244068,-0.7500202754761396,-0.6379527762554914,-0.6246950475544245,-0.3429971702850177,-0.23570226039551584,-0.5163977794943223,-0.3892494720807616,-1.1934000982105353,-0.9142874649843183,-0.5569282150859187
95,11,612,Hunts Point Avenue,7.2,1,0,-0.4274301940815069,0.6052934820244068,-0.3308912980041792,-0.6379527762554914,0.8589556903873338,-0.3429971702850177,-0.23570226039551584,1.9364916731037087,-0.3892494720807616,0.4570908521742256,0.27553868807746584,-0.5569282150859187
96,12,613,Longwood Avenue,7.9,0,0,-0.672831529329897,0.6052934820244068,-0.7500202754761396,-0.6379527762554914,-0.6246950475544245,-0.3429971702850177,-0.23570226039551584,-0.5163977794943223,-0.3892494720807616,-0.7218312552434607,-0.6763222343719615,-0.2457036243026112
97,13,614,East 149th Street,8.8,0,0,-0.6157389791441353,-0.3399593529178172,-0.7500202754761396,-0.6379527762554914,-0.6246950475544245,-0.3429971702850177,-0.23570226039551584,-0.5163977794943223,-0.3892494720807616,0.06411681636833018,0.037573457465108984,-0.5569282150859187
98,14,615,E 143 St-St Mary's St,9.3,0,0,-0.7429692038176239,-0.3399593529178172,-0.7500202754761396,-0.6379527762554914,-0.6246950475544245,-0.3429971702850177,-0.23570226039551584,-0.5163977794943223,-0.3892494720807616,-1.979348169822326,-1.1522526955966752,-0.5569282150859187
99,15,616,Cypress Avenue,10.0,0,0,-0.6624437451635172,0.29020920371033215,-0.7500202754761396,-0.6379527762554914,-0.6246950475544245,-0.3429971702850177,-0.23570226039551584,-0.5163977794943223,-0.3892494720807616,-0.8004260624046398,-0.4383570037596047,-0.2457036243026112
100,16,617,Brook Avenue,10.6,0,0,-0.5764425553209312,-1.2852121878600413,-0.7500202754761396,-0.6379527762554914,-0.6246950475544245,-0.3429971702850177,-0.23570226039551584,-0.5163977794943223,-0.3892494720807616,0.771470080818942,0.037573457465108984,-0.2457036243026112
101,17,618,Third Avenue­138th Street,11.2,1,0,-0.5013928278553039,0.6052934820244068,-0.7500202754761396,-0.6379527762554914,-0.6246950475544245,-0.3429971702850177,-0.23570226039551584,1.9364916731037087,-0.3892494720807616,-1.900753362661147,-0.4383570037596047,-0.5569282150859187
102,18,619,125th Street,12.9,1,0,0.16608269892858646,2.4957991519088547,0.9264956344117017,0.29443974288714986,2.3426064283290917,2.915475947422651,4.242640687119286,1.9364916731037087,-0.3892494720807616,-0.32885721943756524,0.27553868807746584,0.6879701480473113
103,19,620,116th Street,13.6,1,0,-0.27322394075889256,1.550546316966631,-0.3308912980041792,-0.1717565166841708,-0.6246950475544245,-0.3429971702850177,-0.23570226039551584,-0.5163977794943223,2.569046515733027,0.06411681636833018,0.5135039186898226,-0.2457036243026112
104,20,621,110th Street,14.1,1,0,-0.41180825510261015,-0.3399593529178172,-0.3308912980041792,-0.1717565166841708,-0.6246950475544245,-0.3429971702850177,-0.23570226039551584,-0.5163977794943223,-0.3892494720807616,-0.6432364480822816,-0.4383570037596047,0.06552096648069632
105,21,622,103rd Street,14.7,1,0,-0.33200752557639046,-0.3399593529178172,-0.3308912980041792,-0.1717565166841708,-0.6246950475544245,-0.3429971702850177,-0.23570226039551584,-0.5163977794943223,2.569046515733027,0.14271162352950925,1.46536484113925,-0.5569282150859187
106,22,623,96th Street,15.2,1,0,-0.21005171844474588,-0.3399593529178172,-0.3308912980041792,-0.1717565166841708,-0.6246950475544245,-0.3429971702850177,-0.23570226039551584,-0.5163977794943223,2.569046515733027,0.771470080818942,-0.20039177314724785,-0.2457036243026112
107,23,624,86th Street,16.0,1,0,0.7157092169721916,0.6052934820244068,0.5073666569397415,0.29443974288714986,0.8589556903873338,-0.3429971702850177,-0.23570226039551584,-0.5163977794943223,2.569046515733027,0.3784960450130465,0.037573457465108984,-0.2457036243026112
108,24,625,77th Street,16.8,1,0,0.08515461298120923,0.6052934820244068,0.08823767946778112,-0.1717565166841708,0.8589556903873338,-0.3429971702850177,-0.23570226039551584,-0.5163977794943223,-0.3892494720807616,0.4570908521742256,3.6070519166504615,-0.2457036243026112
109,25,626,68th Street­Hunter College,17.5,1,0,-0.038572754240825693,0.6052934820244068,-0.3308912980041792,-0.1717565166841708,-0.6246950475544245,-0.3429971702850177,-0.23570226039551584,-0.5163977794943223,-0.3892494720807616,-1.2719949053717143,-1.1522526955966752,-0.2457036243026112
110,26,627,59th Street,18.2,1,0,1.0712693796593997,0.6052934820244068,3.0221405217715036,3.091617300315074,0.8589556903873338,-0.3429971702850177,-0.23570226039551584,-0.5163977794943223,-0.3892494720807616,0.22130643069068834,-0.9142874649843183,-0.5569282150859187
111,27,628,51st Street,18.9,1,0,1.3135704847496068,0.6052934820244068,0.5073666569397415,0.7606360024584705,-0.6246950475544245,-0.3429971702850177,-0.23570226039551584,-0.5163977794943223,-0.3892494720807616,1.3216337309471955,1.9412953023639639,-0.2457036243026112
112,28,629,Grand Central­42nd Street,19.8,1,0,4.268572978250033,1.550546316966631,1.7647535893556225,1.2268322620297913,2.3426064283290917,2.915475947422651,4.242640687119286,1.9364916731037087,2.569046515733027,1.79320257391427,0.27553868807746584,0.06552096648069632
113,29,630,33rd Street,20.5,1,0,0.20799620015804898,1.550546316966631,0.5073666569397415,-0.1717565166841708,2.3426064283290917,2.915475947422651,-0.23570226039551584,-0.5163977794943223,-0.3892494720807616,1.4788233452695538,-0.20039177314724785,1.6216439203972337
114,30,631,28th Street,21.0,1,0,-0.13395516001661506,-0.3399593529178172,-0.3308912980041792,-0.6379527762554914,0.8589556903873338,-0.3429971702850177,-0.23570226039551584,-0.5163977794943223,-0.3892494720807616,1.1644441166248374,2.6551909942010345,0.3767455572640038
115,31,632,23rd Street,21.4,1,0,0.17763810224545076,-0.3399593529178172,0.5073666569397415,-0.1717565166841708,2.3426064283290917,2.915475947422651,-0.23570226039551584,-0.5163977794943223,-0.3892494720807616,-1.979348169822326,-1.1522526955966752,-0.5569282150859187
116,32,633,14th Street­Union Square,22.0,1,0,2.7947960339625726,-0.3399593529178172,2.603011544299543,2.6254210407437535,0.8589556903873338,-0.3429971702850177,-0.23570226039551584,1.9364916731037087,-0.3892494720807616,0.29990123785186745,0.9894343799145363,0.6879701480473113
117,33,634,Astor Place,22.5,1,0,-0.17055398097490654,0.6052934820244068,-0.3308912980041792,-0.1717565166841708,-0.6246950475544245,-0.3429971702850177,-0.23570226039551584,-0.5163977794943223,-0.3892494720807616,0.29990123785186745,0.037573457465108984,-0.5569282150859187
118,34,635,Bleecker Street,23.1,1,0,0.5963302245174785,-1.2852121878600413,1.3456246118836621,1.693028521601112,-0.6246950475544245,-0.3429971702850177,-0.23570226039551584,-0.5163977794943223,-0.3892494720807616,0.5356856593354047,-0.4383570037596047,1.9328685111805413
119,35,636,Spring Street,23.5,1,0,-0.3634527171808191,-0.3399593529178172,-0.3308912980041792,-0.1717565166841708,-0.6246950475544245,-0.3429971702850177,-0.23570226039551584,-0.5163977794943223,-0.3892494720807616,1.1644441166248374,0.27553868807746584,0.06552096648069632
120,36,637,Canal Street,24.1,1,0,0.9721022773268673,-1.2852121878600413,2.1838825668275827,2.6254210407437535,-0.6246950475544245,-0.3429971702850177,-0.23570226039551584,-0.5163977794943223,-0.3892494720807616,0.9286596951413001,-0.4383570037596047,5.045114419013616
121,37,638,Brooklyn Bridge­City Hall,24.8,1,0,0.222369994527807,-0.3399593529178172,0.9264956344117017,1.2268322620297913,-0.6246950475544245,-0.3429971702850177,-0.23570226039551584,1.9364916731037087,-0.3892494720807616,-1.743563748338789,-0.4383570037596047,-0.5569282150859187
122,0,TY01,시부야,0.0,1,0,3.126074322167483,-3.0822070014844885,2.667891875399663,0.7897539744795121,2.607336723024865,2.0615528128088303,2.4494897427831783,-0.4526787302125927,2.3815698604072058,1.020256030322627,-0.9063112048297761,1.8906263737466436
123,1,TY02,다이칸야마,1.5,0,1,-0.6119910668238429,0.3244428422615252,-0.6063390625908326,-0.7179581586177382,-0.4558280984309205,-0.48507125007266594,-0.40824829046386296,-0.4526787302125927,-0.6495190528383289,0.4962658408362778,-0.7348469228349537,1.8906263737466436
124,2,TY03,나카메구로,2.2,1,1,0.7388434782452771,0.3244428422615252,-0.24253562503633302,-0.7179581586177382,-0.07293249574894728,-0.48507125007266594,-0.40824829046386296,-0.4526787302125927,0.8660254037844385,0.6127081051665776,-0.3919183588453087,0.4726565934366609
125,3,TY04,유텐지,3.2,0,1,-0.5939981479176043,0.3244428422615252,-0.6063390625908326,-0.7179581586177382,-0.4558280984309205,-0.48507125007266594,-0.40824829046386296,-0.4526787302125927,0.8660254037844385,0.2051601800105283,0.9797958971132712,-0.4726565934366609
126,4,TY05,가쿠게이다이가쿠,4.2,1,1,-0.17858689328568017,-1.3788820796114818,-0.6063390625908326,-0.7179581586177382,-0.4558280984309205,-0.48507125007266594,-0.40824829046386296,1.4485719366802965,-0.6495190528383289,0.7873715016620273,1.4941887430977387,0.9453131868733218
127,5,TY06,토리츠다이가쿠,5.6,0,1,-0.42276310391188304,0.3244428422615252,-0.6063390625908326,-0.7179581586177382,-0.4558280984309205,-0.48507125007266594,-0.40824829046386296,-0.4526787302125927,-0.6495190528383289,0.3216024443408281,2.5229744350666734,-0.4726565934366609
128,6,TY07,지유가오카,7.0,1,1,-0.06539621339927319,0.3244428422615252,-0.24253562503633302,0.7897539744795121,-0.4558280984309205,2.0615528128088303,-0.40824829046386296,-0.4526787302125927,0.8660254037844385,1.0784771624877767,1.4941887430977387,2.3632829671833044
129,7,TY08,덴엔쵸후,8.2,1,0,-0.6921982035935993,0.3244428422615252,-0.24253562503633302,0.7897539744795121,-0.4558280984309205,-0.48507125007266594,-0.40824829046386296,-0.4526787302125927,-0.6495190528383289,-2.4147907674212172,-1.0777754868245986,-0.9453131868733218
130,8,TY09,타마가와,9.0,1,1,-0.7648370558176262,0.3244428422615252,0.12126781251816648,2.297466107576762,-0.4558280984309205,-0.48507125007266594,-0.40824829046386296,-0.4526787302125927,-0.6495190528383289,-1.4832526527788188,-1.0777754868245986,-0.9453131868733218
131,9,TY10,신마루코,10.3,0,1,-0.6919375877345866,0.3244428422615252,-0.24253562503633302,0.7897539744795121,-0.4558280984309205,-0.48507125007266594,-0.40824829046386296,-0.4526787302125927,-0.6495190528383289,0.0887179156802285,-0.3919183588453087,0.0
132,10,TY11,무사시코스기,10.8,1,1,0.5800658723003641,-1.3788820796114818,1.5764815627361644,0.7897539744795121,1.4586499149789456,2.0615528128088303,2.4494897427831783,-0.4526787302125927,2.3815698604072058,0.5544869730014277,0.6368673331236262,0.0
133,11,TY12,모토스미요시,12.1,0,1,-0.4780136660225809,0.3244428422615252,-0.24253562503633302,0.7897539744795121,-0.4558280984309205,-0.48507125007266594,-0.40824829046386296,-0.4526787302125927,-0.6495190528383289,0.26338131217567823,-0.3919183588453087,-0.9453131868733218
134,12,TY13,히요시,13.6,1,0,0.4382595710943598,0.3244428422615252,0.485071250072666,2.297466107576762,-0.07293249574894728,-0.48507125007266594,-0.40824829046386296,-0.4526787302125927,0.8660254037844385,0.5544869730014277,0.8083316151184488,0.4726565934366609
135,13,TY14,츠나시마,15.8,1,1,0.0294366853782774,2.027767764134532,-0.6063390625908326,-0.7179581586177382,-0.4558280984309205,-0.48507125007266594,-0.40824829046386296,-0.4526787302125927,-0.6495190528383289,0.2051601800105283,0.6368673331236262,-0.4726565934366609
136,14,TY15,오쿠라야마,17.5,0,1,-0.3860788155972518,0.3244428422615252,-0.6063390625908326,-0.7179581586177382,-0.4558280984309205,-0.48507125007266594,-0.40824829046386296,-0.4526787302125927,-0.6495190528383289,-1.4832526527788188,-1.0777754868245986,-0.4726565934366609
137,15,TY16,키쿠나,18.8,1,1,0.27242448768738226,0.3244428422615252,-0.24253562503633302,-0.7179581586177382,-0.07293249574894728,-0.48507125007266594,-0.40824829046386296,-0.4526787302125927,-0.6495190528383289,0.1469390478453784,0.29393876913398126,-0.4726565934366609
138,16,TY17,묘렌지,20.2,0,1,-0.6387094046898275,0.3244428422615252,-0.6063390625908326,-0.7179581586177382,-0.4558280984309205,-0.48507125007266594,-0.40824829046386296,3.349822603573186,-0.6495190528383289,0.26338131217567823,-0.22045407685048618,-0.4726565934366609
139,17,TY18,하쿠라쿠,21.4,0,1,-0.5079219420028813,0.3244428422615252,-0.6063390625908326,-0.7179581586177382,-0.4558280984309205,-0.48507125007266594,-0.40824829046386296,-0.4526787302125927,-0.6495190528383289,0.4962658408362778,-0.5633826408401311,-0.9453131868733218
140,18,TY19,히가시하쿠라쿠,22.1,0,1,-0.7355855318020379,-1.3788820796114818,-0.6063390625908326,-0.7179581586177382,-0.4558280984309205,-0.48507125007266594,-0.40824829046386296,-0.4526787302125927,-0.6495190528383289,-0.5517145381364204,-1.0777754868245986,-0.9453131868733218
141,19,TY20,탄마치,23.3,0,0,-0.7505553067437288,0.3244428422615252,-0.6063390625908326,-0.7179581586177382,-0.4558280984309205,-0.48507125007266594,-0.40824829046386296,1.4485719366802965,-0.6495190528383289,-2.1819062387606176,-0.048989794855663696,-0.9453131868733218
142,20,TY21,요코하마,24.2,1,0,2.3334685224692606,0.3244428422615252,2.667891875399663,-0.7179581586177382,2.990232325706838,2.0615528128088303,2.4494897427831783,1.4485719366802965,0.8660254037844385,1.020256030322627,-0.9063112048297761,0.4726565934366609
143,0,133,서울역,0.0,1,1,1.19733674319407,-2.628370483664092,4.793772141695838,2.767593624086655,4.436782547080569,1.5374122295716148,6.0,0.0,-0.6882619872052425,-0.8308147915705602,0.0,0.08554823885364433
144,1,134,남영,1.7,0,1,-0.3369422701452537,-0.23698422393692634,-0.7490268971399746,-0.6457718456202196,-0.48804608017886264,-0.650443635587991,-0.16666666666666666,0.0,-0.6882619872052425,0.22726998827383074,0.0,0.08554823885364433
145,2,135,용산,3.2,0,1,0.7605865594872796,-0.6355486005581206,1.4680927183943504,2.767593624086655,-0.48804608017886264,1.5374122295716148,-0.16666666666666666,0.0,-0.6882619872052425,2.2320622027158348,1.570562531918633,3.250833076438486
146,3,136,노량진,5.8,0,1,-0.35997304783833206,0.16158015268426795,0.35953291062718784,-0.6457718456202196,1.1535634622409479,-0.650443635587991,-0.16666666666666666,0.0,0.7669205000286986,0.7841567145077207,2.355843797877949,-0.547508728663324
147,4,137,대방,7.3,0,1,-0.25024401037398447,-0.6355486005581206,0.35953291062718784,-0.6457718456202196,1.1535634622409479,-0.650443635587991,-0.16666666666666666,0.0,-0.6882619872052425,0.22726998827383074,0.0,-0.547508728663324
148,5,138,신길,8.1,0,1,-0.3807186318862819,-1.432677353800509,0.35953291062718784,-0.6457718456202196,1.1535634622409479,-0.650443635587991,-0.16666666666666666,0.0,0.03932925641172814,-0.9421921368173382,-0.7852812659593165,0.08554823885364433
149,6,139,영등포,9.1,1,1,0.8538423314576133,-0.6355486005581206,0.35953291062718784,-0.6457718456202196,1.1535634622409479,1.5374122295716148,-0.16666666666666666,0.0,-0.6882619872052425,2.2320622027158348,1.570562531918633,2.6177761089215177
150,7,140,신도림,10.6,0,1,5.07910576755308,-0.6355486005581206,0.35953291062718784,-0.6457718456202196,1.1535634622409479,-0.650443635587991,-0.16666666666666666,0.0,-0.6882619872052425,-0.32961673796005925,3.141125063837266,-0.547508728663324
151,8,141,구로,11.7,0,1,-0.018127949776185693,-1.034112977179315,0.35953291062718784,1.0609108892332177,-0.48804608017886264,-0.650443635587991,-0.16666666666666666,0.0,-0.6882619872052425,0.22726998827383074,0.0,-0.547508728663324
152,9,P142,가산디지털단지,14.1,0,1,1.7059612348524262,1.3572732825478508,0.35953291062718784,-0.6457718456202196,1.1535634622409479,-0.650443635587991,-0.16666666666666666,0.0,3.677285474496581,1.3967321133649997,-0.7852812659593165,1.9847191414045493
153,10,P143,독산,16.1,0,1,-0.0537968418892795,-0.6355486005581206,-0.7490268971399746,-0.6457718456202196,-0.48804608017886264,-0.650443635587991,-0.16666666666666666,0.0,0.7669205000286986,1.0069114050012766,0.0,0.7186052063706126
154,11,P144,금천구청,17.3,1,1,-0.2615308798560108,-1.034112977179315,0.35953291062718784,1.0609108892332177,-0.48804608017886264,-0.650443635587991,-0.16666666666666666,0.0,-0.6882619872052425,-0.9421921368173382,-0.7852812659593165,-0.547508728663324
155,12,P145,석수,19.6,0,1,-0.3532366943974748,-0.23698422393692634,-0.7490268971399746,-0.6457718456202196,-0.48804608017886264,-0.650443635587991,-0.16666666666666666,0.0,2.2221029872626397,-0.9978808094407272,-0.7852812659593165,-0.547508728663324
156,13,P146,관악,21.5,0,1,-0.4129100554089627,-0.6355486005581206,-0.7490268971399746,-0.6457718456202196,-0.48804608017886264,-0.650443635587991,-0.16666666666666666,0.0,0.7669205000286986,0.17158131565044174,0.7852812659593165,-0.547508728663324
157,14,P147,안양,23.9,1,1,0.18942724694875293,-0.23698422393692634,0.35953291062718784,1.0609108892332177,-0.48804608017886264,1.5374122295716148,-0.16666666666666666,0.0,-0.6882619872052425,-1.109258154687505,-0.7852812659593165,-0.547508728663324
158,15,P148,명학,26.1,0,1,-0.3589198716366641,-0.23698422393692634,-0.7490268971399746,-0.6457718456202196,-0.48804608017886264,-0.650443635587991,-0.16666666666666666,0.0,2.2221029872626397,1.1182887502480547,-0.7852812659593165,-0.547508728663324
159,16,P149,금정,27.5,0,1,0.29730825824790963,-0.6355486005581206,0.35953291062718784,1.0609108892332177,-0.48804608017886264,-0.650443635587991,-0.16666666666666666,0.0,0.03932925641172814,1.3410434407416107,1.570562531918633,0.08554823885364433
160,17,P150,군포,29.7,1,1,-0.4216335337586274,-0.23698422393692634,-0.7490268971399746,-0.6457718456202196,-0.48804608017886264,-0.650443635587991,-0.16666666666666666,0.0,-0.6882619872052425,0.6727793692609427,0.0,-0.547508728663324
161,18,P151,당정,31.3,0,1,-0.4538050860322201,-1.034112977179315,-0.7490268971399746,-0.6457718456202196,-0.48804608017886264,-0.650443635587991,-0.16666666666666666,0.0,0.7669205000286986,-0.27392806533667025,-0.7852812659593165,-0.547508728663324
162,19,P152,의왕,33.9,1,1,-0.3594961378602183,0.16158015268426795,-0.7490268971399746,-0.6457718456202196,-0.48804608017886264,-0.650443635587991,-0.16666666666666666,0.0,0.03932925641172814,-0.9978808094407272,-0.7852812659593165,0.08554823885364433
163,20,P153,성균관대,36.8,1,1,-0.14820514630672166,0.16158015268426795,-0.7490268971399746,-0.6457718456202196,-0.48804608017886264,-0.650443635587991,-0.16666666666666666,0.0,-0.6882619872052425,-0.5523714284536152,0.7852812659593165,-0.547508728663324
164,21,P154,화서,39.4,0,1,-0.3896209514777393,0.16158015268426795,-0.7490268971399746,-0.6457718456202196,-0.48804608017886264,-0.650443635587991,-0.16666666666666666,0.0,0.7669205000286986,-0.8308147915705602,-0.7852812659593165,-0.547508728663324
165,22,P155,수원,41.5,1,1,0.7847897408765544,-0.23698422393692634,0.35953291062718784,1.0609108892332177,-0.48804608017886264,1.5374122295716148,-0.16666666666666666,0.0,-0.6882619872052425,-1.109258154687505,0.0,-0.547508728663324
166,23,P156,세류,44.4,0,1,-0.5652629221672302,1.755837659169045,-0.7490268971399746,-0.6457718456202196,-0.48804608017886264,-0.650443635587991,-0.16666666666666666,0.0,0.7669205000286986,-0.4409940832068372,-0.7852812659593165,-0.547508728663324
167,24,P157,병점,48.7,1,1,-0.11396698412796923,0.5601445293054622,0.35953291062718784,-0.6457718456202196,1.1535634622409479,-0.650443635587991,-0.16666666666666666,0.0,0.7669205000286986,1.4524207859883886,0.7852812659593165,0.7186052063706126
168,25,P158,세마,51.1,0,1,-0.5737082030296619,0.16158015268426795,-0.7490268971399746,-0.6457718456202196,-0.48804608017886264,-0.650443635587991,-0.16666666666666666,0.0,-0.6882619872052425,-0.9421921368173382,-0.7852812659593165,-0.547508728663324
169,26,P159,오산대,53.8,0,1,-0.5437026169066693,-0.23698422393692634,-0.7490268971399746,-0.6457718456202196,-0.48804608017886264,-0.650443635587991,-0.16666666666666666,0.0,-0.6882619872052425,-0.6637487737003932,0.7852812659593165,-0.547508728663324
170,27,P160,오산,56.5,1,1,-0.2925896421806713,0.16158015268426795,0.35953291062718784,1.0609108892332177,-0.48804608017886264,1.5374122295716148,-0.16666666666666666,0.0,0.03932925641172814,-0.21823939271328122,0.0,-0.547508728663324
171,28,P161,진위,60.5,0,1,-0.6180210884960681,0.16158015268426795,-0.7490268971399746,-0.6457718456202196,-0.48804608017886264,-0.650443635587991,-0.16666666666666666,0.0,0.03932925641172814,-1.0535694820641162,-0.7852812659593165,-0.547508728663324
172,29,P162,송탄,64.3,0,1,-0.5034037237560541,0.5601445293054622,-0.7490268971399746,-0.6457718456202196,-0.48804608017886264,-0.650443635587991,-0.16666666666666666,0.0,0.03932925641172814,0.5614020240141647,-0.7852812659593165,-0.547508728663324
173,30,P163,서정리,66.5,1,1,-0.3972515111275599,-0.23698422393692634,0.35953291062718784,1.0609108892332177,-0.48804608017886264,1.5374122295716148,-0.16666666666666666,0.0,0.03932925641172814,1.0069114050012766,0.7852812659593165,-0.547508728663324
174,31,P164,평택지제,71.3,0,1,-0.5327734299082283,0.9587089059266565,0.35953291062718784,-0.6457718456202196,1.1535634622409479,1.5374122295716148,-0.16666666666666666,0.0,-0.6882619872052425,-0.7194374463237821,-0.7852812659593165,-0.547508728663324
175,32,P165,평택,75.0,1,1,-0.1744948088502443,0.9587089059266565,0.35953291062718784,1.0609108892332177,-0.48804608017886264,1.5374122295716148,-0.16666666666666666,0.0,-0.6882619872052425,1.5081094586117776,0.0,2.6177761089215177
176,33,P166,성환,84.4,1,1,-0.5062254411265608,3.3500951656538223,0.35953291062718784,1.0609108892332177,-0.48804608017886264,1.5374122295716148,-0.16666666666666666,0.0,-0.6882619872052425,-0.6637487737003932,-0.7852812659593165,0.08554823885364433
177,34,P167,직산,89.8,0,1,-0.6452844422449064,0.9587089059266565,-0.7490268971399746,-0.6457718456202196,-0.48804608017886264,-0.650443635587991,-0.16666666666666666,0.0,-0.6882619872052425,-1.109258154687505,-0.7852812659593165,-0.547508728663324
178,35,P168,두정,93.6,1,1,-0.4174407002010437,0.9587089059266565,-0.7490268971399746,-0.6457718456202196,-0.48804608017886264,-0.650443635587991,-0.16666666666666666,0.0,-0.6882619872052425,-0.5523714284536152,-0.7852812659593165,0.7186052063706126
179,36,P169,천안,96.6,1,1,-0.4250712598508643,0.9587089059266565,0.35953291062718784,1.0609108892332177,-0.48804608017886264,1.5374122295716148,-0.16666666666666666,0.0,-0.6882619872052425,-0.8865034641939492,-0.7852812659593165,-0.547508728663324
180,0,135,용산,0.0,1,1,0.5218112153532335,-3.3574882386580707,1.118033988749895,2.0976176963403033,-0.5916079783099616,3.5355339059327373,-0.28284271247461895,0.0,-0.691094740465088,1.4018260516446994,0.10178117720790333,1.899767712586114
181,1,136,노량진,2.6,1,1,1.1550099613008975,1.759973673490118,1.118033988749895,-0.4767312946227961,1.6903085094570331,-0.28284271247461895,3.5355339059327373,0.0,0.8638684255813601,0.14018260516446998,0.4943657178669593,-0.6228746598642996
182,2,137,대방,4.1,0,1,-0.41709705164413485,0.2978416985906355,1.118033988749895,-0.4767312946227961,1.6903085094570331,-0.28284271247461895,-0.28284271247461895,0.0,-0.691094740465088,-0.3450648742510029,-0.6833879041102087,-0.6228746598642996
183,3,138,신길,4.9,0,1,0.3580204594638972,-1.164290276308847,1.118033988749895,-0.4767312946227961,1.6903085094570331,-0.28284271247461895,3.5355339059327373,0.0,0.08638684255813604,-1.364084581023496,-1.0759724447692647,-0.20243426445589735
184,4,139,영등포,5.9,1,1,0.6084316815904045,0.2978416985906355,1.118033988749895,2.0976176963403033,-0.5916079783099616,3.5355339059327373,-0.28284271247461895,0.0,-0.691094740465088,1.4018260516446994,0.10178117720790333,1.4793273171777117
185,5,140,신도림,7.4,1,1,4.533798780587128,0.2978416985906355,1.118033988749895,-0.4767312946227961,1.6903085094570331,-0.28284271247461895,-0.28284271247461895,0.0,-0.691094740465088,-0.8303123536664758,0.8869502585260153,-0.6228746598642996
186,6,141,구로,8.5,1,1,-0.20149644092255078,-0.43322428885910574,1.118033988749895,2.0976176963403033,-0.5916079783099616,-0.28284271247461895,-0.28284271247461895,0.0,-0.691094740465088,-0.3450648742510029,-0.6833879041102087,-0.6228746598642996
187,7,142,구일,9.9,0,1,-0.5661403639955424,1.0289076860403767,-0.8944271909999157,-0.4767312946227961,-0.5916079783099616,-0.28284271247461895,-0.28284271247461895,0.0,-0.691094740465088,-1.509658824848138,-1.0759724447692647,-0.6228746598642996
188,8,143,개봉,10.9,0,1,-0.10681010131106836,-0.43322428885910574,-0.8944271909999157,-0.4767312946227961,-0.5916079783099616,-0.28284271247461895,-0.28284271247461895,0.0,-0.691094740465088,-1.0244113454326649,0.4943657178669593,-0.6228746598642996
189,9,144,오류동,12.2,0,1,-0.43092162637493414,0.2978416985906355,-0.8944271909999157,-0.4767312946227961,-0.5916079783099616,-0.28284271247461895,-0.28284271247461895,0.0,-0.691094740465088,-1.364084581023496,0.4943657178669593,-0.6228746598642996
190,10,145,온수,14.1,0,1,-0.03152246402544714,1.0289076860403767,1.118033988749895,-0.4767312946227961,1.6903085094570331,-0.28284271247461895,-0.28284271247461895,0.0,-0.691094740465088,-1.509658824848138,-0.6833879041102087,-0.6228746598642996
191,11,146,역곡,15.4,1,1,0.1014629310819078,-0.43322428885910574,-0.8944271909999157,-0.4767312946227961,-0.5916079783099616,-0.28284271247461895,-0.28284271247461895,0.0,0.8638684255813601,1.0621528160538685,2.4572884211622394,0.2180061309525049
192,12,147,소사,16.9,0,1,-0.5206983039324878,0.2978416985906355,1.118033988749895,2.0976176963403033,-0.5916079783099616,-0.28284271247461895,-0.28284271247461895,0.0,1.6413500086045842,-0.6362133619002867,-1.0759724447692647,-0.6228746598642996
193,13,148,부천,18.0,1,1,0.303534285090974,-0.43322428885910574,-0.8944271909999157,-0.4767312946227961,-0.5916079783099616,-0.28284271247461895,-0.28284271247461895,0.0,-0.691094740465088,1.1106775639954158,0.10178117720790333,2.7406485034029187
194,14,149,중동,19.7,0,1,-0.5125770584297487,0.2978416985906355,-0.8944271909999157,-0.4767312946227961,-0.5916079783099616,-0.28284271247461895,-0.28284271247461895,0.0,-0.691094740465088,0.5283805886968483,-1.0759724447692647,-0.6228746598642996
195,15,150,송내,20.7,1,1,0.06997464738265069,-0.43322428885910574,-0.8944271909999157,-0.4767312946227961,-0.5916079783099616,-0.28284271247461895,-0.28284271247461895,0.0,0.08638684255813604,0.7224795804630374,1.2795347991850714,-0.6228746598642996
196,16,151,부개,21.9,0,1,-0.5351319720759926,-0.43322428885910574,-0.8944271909999157,-0.4767312946227961,-0.5916079783099616,-0.28284271247461895,-0.28284271247461895,0.0,-0.691094740465088,-0.4421143701340975,-0.6833879041102087,-0.6228746598642996
197,17,152,부평,23.4,1,1,0.2456150387555292,0.2978416985906355,1.118033988749895,-0.4767312946227961,1.6903085094570331,-0.28284271247461895,-0.28284271247461895,0.0,2.4188315916278085,1.4018260516446994,1.2795347991850714,1.4793273171777117
198,18,153,백운,25.1,0,1,-0.583767158211715,0.2978416985906355,-0.8944271909999157,-0.4767312946227961,-0.5916079783099616,-0.28284271247461895,-0.28284271247461895,0.0,-0.691094740465088,-0.3935896221925502,-1.0759724447692647,-0.6228746598642996
199,19,154,동암,26.6,0,1,-0.29103317259025085,0.2978416985906355,-0.8944271909999157,-0.4767312946227961,-0.5916079783099616,-0.28284271247461895,-0.28284271247461895,0.0,2.4188315916278085,1.013628068112321,1.2795347991850714,-0.20243426445589735
200,20,155,간석,27.8,0,1,-0.6224907333588671,0.2978416985906355,-0.8944271909999157,-0.4767312946227961,-0.5916079783099616,-0.28284271247461895,-0.28284271247461895,0.0,1.6413500086045842,-0.24801537836790835,-0.6833879041102087,-0.6228746598642996
201,21,156,주안,29.0,1,1,-0.19204626433754513,-0.43322428885910574,1.118033988749895,-0.4767312946227961,1.6903085094570331,-0.28284271247461895,-0.28284271247461895,0.0,-0.691094740465088,1.1106775639954158,2.0647038805031834,0.2180061309525049
202,22,157,도화,30.0,0,1,-0.6788226453460492,-0.43322428885910574,-0.8944271909999157,-0.4767312946227961,-0.5916079783099616,-0.28284271247461895,-0.28284271247461895,0.0,-0.691094740465088,-1.0729360933742123,-0.6833879041102087,-0.6228746598642996
203,23,158,제물포,31.0,0,1,-0.4672641999996922,-0.43322428885910574,-0.8944271909999157,-0.4767312946227961,-0.5916079783099616,-0.28284271247461895,-0.28284271247461895,0.0,0.8638684255813601,1.159202311936963,0.10178117720790333,1.0588869217693095
204,24,159,도원,32.4,0,1,-0.7071731751010661,-0.43322428885910574,-0.8944271909999157,-0.4767312946227961,-0.5916079783099616,-0.28284271247461895,-0.28284271247461895,0.0,0.08638684255813604,-1.1699855892573068,-1.0759724447692647,-0.6228746598642996
205,25,160,동인천,33.6,1,1,-0.34808492224699394,-0.43322428885910574,-0.8944271909999157,-0.4767312946227961,-0.5916079783099616,-0.28284271247461895,-0.28284271247461895,0.0,0.08638684255813604,0.5769053366383956,-0.6833879041102087,-0.6228746598642996
206,26,161,인천,35.5,0,1,-0.684581346702537,2.491039660939859,1.118033988749895,2.0976176963403033,-0.5916079783099616,-0.28284271247461895,-0.28284271247461895,0.0,-0.691094740465088,0.6254300845799429,0.10178117720790333,1.899767712586114
207,0,T-01,나카노,0.0,1,1,-0.15947565893008425,-2.68452928082081,0.2537445918782205,-0.4588314677411235,0.49319696191607176,-0.2132007163556104,-0.2132007163556104,1.5118578920369086,0.6862435664967209,0.5594816095871552,0.1282902834599514,-0.2699746235780196
208,1,T-02,오치아이,2.0,1,0,-1.1889456231895053,2.0049016147902257,-0.4757711097716635,-0.4588314677411235,-0.4520972150897325,-0.2132007163556104,-0.2132007163556104,1.5118578920369086,-1.0674899923282328,-1.6289668632877718,-1.019195029709614,-0.2699746235780196
209,2,T-03,타카다노바바,3.9,1,0,1.1334219775972936,1.2233297988550529,0.2537445918782205,-0.4588314677411235,0.49319696191607176,-0.2132007163556104,-0.2132007163556104,-0.6614378277661476,0.6862435664967209,0.7345574874171493,2.0954079631792064,1.592850279110315
210,3,T-04,와세다,5.6,1,0,-0.3585680936667211,1.2233297988550529,-0.4757711097716635,-0.4588314677411235,-0.4520972150897325,-0.2132007163556104,-0.2132007163556104,-0.6614378277661476,-1.0674899923282328,0.4719436706721581,-0.03563618984998651,0.3509670106514252
211,4,T-05,카구라자카,6.8,1,0,-0.9594195777394827,0.4417579829198803,-0.4757711097716635,-0.4588314677411235,-0.4520972150897325,-0.2132007163556104,-0.2132007163556104,-0.6614378277661476,-1.0674899923282328,1.4348609987371261,-0.855268556399676,1.592850279110315
212,5,T-06,이다바시,8.0,1,0,0.8520526301762129,0.4417579829198803,0.9832602935281045,2.179449471770337,0.49319696191607176,-0.2132007163556104,-0.2132007163556104,-0.6614378277661476,0.6862435664967209,0.38440573175716103,-1.019195029709614,-0.2699746235780196
213,6,T-07,쿠단시타,8.7,1,0,0.9024627214101871,-1.121385648950465,0.2537445918782205,0.8603090020146066,0.020549873413169644,-0.2132007163556104,-0.2132007163556104,-0.6614378277661476,-1.0674899923282328,0.5594816095871552,0.2922167567698893,-0.2699746235780196
214,7,T-08,다케바시,9.7,1,0,-0.937726783126337,-0.3398138330152924,-0.4757711097716635,-0.4588314677411235,-0.4520972150897325,-0.2132007163556104,-0.2132007163556104,-0.6614378277661476,0.6862435664967209,-2.2417324356927515,-1.019195029709614,-1.5118578920369092
215,8,T-09,오테마치,10.7,1,0,3.312769301990897,-0.3398138330152924,4.266080950952582,3.4985899415260673,4.274373669939289,4.690415759823429,4.690415759823429,1.5118578920369086,2.4399771253216747,-0.3158977795628156,-1.019195029709614,-0.8909162578074644
216,9,T-10,니혼바시,11.5,1,0,1.0022743481742618,-1.121385648950465,0.2537445918782205,0.8603090020146066,0.020549873413169644,-0.2132007163556104,-0.2132007163556104,1.5118578920369086,0.6862435664967209,0.6470195485021523,-0.6913420830897381,-0.2699746235780196
217,10,T-11,카야바쵸,12.0,1,0,0.07550012611280034,-1.121385648950465,-0.11101325894672148,0.8603090020146066,-0.4520972150897325,-0.2132007163556104,-0.2132007163556104,1.5118578920369086,-1.0674899923282328,0.6470195485021523,-0.3634891364698623,-0.8909162578074644
218,11,T-12,몬젠나카쵸,13.8,1,0,0.0354586952730377,0.4417579829198803,-0.11101325894672148,-0.4588314677411235,0.020549873413169644,-0.2132007163556104,-0.2132007163556104,-0.6614378277661476,0.6862435664967209,0.5594816095871552,-0.5274156097798002,-0.2699746235780196
219,12,T-13,키바,14.9,1,0,-0.45110750298707397,-0.3398138330152924,-0.4757711097716635,-0.4588314677411235,-0.4520972150897325,-0.2132007163556104,-0.2132007163556104,1.5118578920369086,-1.0674899923282328,-0.053283962817824396,-0.3634891364698623,-0.8909162578074644
220,13,T-14,토요쵸,15.8,1,0,0.22515563739990258,-0.3398138330152924,-0.4757711097716635,-0.4588314677411235,-0.4520972150897325,-0.2132007163556104,-0.2132007163556104,-0.6614378277661476,0.6862435664967209,-1.1912771687127865,-0.6913420830897381,-0.8909162578074644
221,14,T-15,미나미스나마치,17.0,0,0,-0.6333552880730462,-0.3398138330152924,-0.4757711097716635,-0.4588314677411235,-0.4520972150897325,-0.2132007163556104,-0.2132007163556104,1.5118578920369086,-1.0674899923282328,-2.3292703746077486,-0.855268556399676,-1.5118578920369092
222,15,T-16,니시카사이,19.7,0,1,-0.0308405717868786,1.2233297988550529,-0.4757711097716635,-0.4588314677411235,-0.4520972150897325,-0.2132007163556104,-0.2132007163556104,-0.6614378277661476,-1.0674899923282328,0.9096333652471436,2.423260909799082,-0.2699746235780196
223,16,T-17,카사이,20.9,0,1,-0.016986201328401295,-0.3398138330152924,-0.4757711097716635,-0.4588314677411235,-0.4520972150897325,-0.2132007163556104,-0.2132007163556104,-0.6614378277661476,0.6862435664967209,0.5594816095871552,1.6036285432493924,0.3509670106514252
224,17,T-18,우라야스,22.8,1,1,-0.33393810174053923,0.4417579829198803,-0.4757711097716635,-0.4588314677411235,-0.4520972150897325,-0.2132007163556104,-0.2132007163556104,-0.6614378277661476,0.6862435664967209,0.6470195485021523,1.1118491233195789,1.592850279110315
225,18,T-19,미나미교토쿠,24.0,0,1,-0.7755262543998216,-0.3398138330152924,-0.4757711097716635,-0.4588314677411235,-0.4520972150897325,-0.2132007163556104,-0.2132007163556104,-0.6614378277661476,0.6862435664967209,0.38440573175716103,0.9479226500096409,1.592850279110315
226,19,T-20,교토쿠,25.5,0,1,-0.7203034061228003,-0.3398138330152924,-0.4757711097716635,-0.4588314677411235,-0.4520972150897325,-0.2132007163556104,-0.2132007163556104,-0.6614378277661476,0.6862435664967209,0.6470195485021523,0.1282902834599514,1.592850279110315
227,20,T-21,묘덴,26.8,0,1,-0.7967236181408891,-0.3398138330152924,-0.4757711097716635,-0.4588314677411235,-0.4520972150897325,-0.2132007163556104,-0.2132007163556104,-0.6614378277661476,-1.0674899923282328,-1.1037392297977895,-0.3634891364698623,-0.2699746235780196
228,21,T-22,바라키나카야마,28.9,0,1,-1.1564772071086549,1.2233297988550529,-0.4757711097716635,-0.4588314677411235,-0.4520972150897325,-0.2132007163556104,-0.2132007163556104,-0.6614378277661476,-1.0674899923282328,-0.4909736573928098,-0.5274156097798002,-0.8909162578074644
229,22,T-23,니시후나바시,30.8,1,1,0.9802984502056427,0.4417579829198803,0.6185024427031625,-0.4588314677411235,0.965844050418974,-0.2132007163556104,-0.2132007163556104,-0.6614378277661476,0.6862435664967209,0.20932985392716685,0.6200697033897651,0.97190864488087
230,0,HK01,오사카우메다,-2.4,1,1,5.037043592317828,-1.4255728899344744,4.764865560973836,1.758853959674307,4.913538149119954,5.196152422706631,5.196152422706631,2.4494897427831783,0.552344770738994,1.654220862677003,-0.050499898242807637,1.2008687825690105
231,1,HK03,쥬소,0.0,1,1,0.26684151030562264,0.0,0.86000012563918,3.9000674757995504,-0.3779644730092272,-0.1924500897298752,-0.1924500897298752,-0.40824829046386296,-0.7364596943186585,1.0004354185788173,0.23229953191691471,-0.14410425390828122
232,2,HK61,미나미카타,1.9,1,1,-0.11617902339505708,0.0,0.20918921975007082,-0.38235955645093633,0.3779644730092272,-0.1924500897298752,-0.1924500897298752,-0.40824829046386296,-0.7364596943186585,1.0004354185788173,-0.6160987585622524,0.12489035338717712
233,3,HK62,소젠지,3.2,0,1,-0.46211298099605,-0.47519096331149147,-0.44162168613903846,-0.38235955645093633,-0.3779644730092272,-0.1924500897298752,-0.1924500897298752,-0.40824829046386296,-0.7364596943186585,-1.0615032897308456,-0.33329932840253,-0.6820934684991978
234,4,HK63,아와지,4.2,1,1,-0.04632019324754871,-0.47519096331149147,0.86000012563918,1.758853959674307,0.3779644730092272,-0.1924500897298752,-0.1924500897298752,-0.40824829046386296,-0.7364596943186585,0.8998530425637118,1.6462966827155265,0.39388496068263545
235,5,HK64,카미신죠,6.3,1,1,0.023082314375243135,0.0,-0.44162168613903846,-0.38235955645093633,-0.3779644730092272,-0.1924500897298752,-0.1924500897298752,-0.40824829046386296,-0.7364596943186585,0.09519403444286768,-0.33329932840253,-0.6820934684991978
236,6,HK65,아이카와,7.2,0,1,-0.3309963088941747,-0.9503819266229829,-0.44162168613903846,-0.38235955645093633,-0.3779644730092272,-0.1924500897298752,-0.1924500897298752,-0.40824829046386296,-0.7364596943186585,-0.8100473496930819,-0.6160987585622524,-0.6820934684991978
237,7,HK66,쇼자쿠,9.4,0,1,-0.3458613608356972,0.0,-0.44162168613903846,-0.38235955645093633,-0.3779644730092272,-0.1924500897298752,-0.1924500897298752,-0.40824829046386296,-0.7364596943186585,-1.2123768537535038,-0.8988981887219747,-0.41309886120373956
238,8,HK67,셋쓰시,10.9,0,1,-0.3946740430250686,-0.47519096331149147,-0.44162168613903846,-0.38235955645093633,-0.3779644730092272,-0.1924500897298752,-0.1924500897298752,-0.40824829046386296,0.552344770738994,-1.3129592297686095,-0.6160987585622524,-0.6820934684991978
239,9,HK68,미나미이바라키,12.9,1,1,-0.05290229996770192,0.0,0.20918921975007082,-0.38235955645093633,0.3779644730092272,-0.1924500897298752,-0.1924500897298752,-0.40824829046386296,0.552344770738994,0.09519403444286768,0.23229953191691471,0.39388496068263545
240,10,HK69,이바라키시,14.8,1,1,0.14280475131450032,0.0,-0.44162168613903846,-0.38235955645093633,-0.3779644730092272,-0.1924500897298752,-0.1924500897298752,-0.40824829046386296,1.8411492357966466,0.849561854556159,1.3634972525558042,1.2008687825690105
241,11,HK70,소지지,16.2,0,1,-0.37546701312109215,2.3759548165574573,-0.44162168613903846,-0.38235955645093633,-0.3779644730092272,-0.1924500897298752,-0.1924500897298752,-0.40824829046386296,-0.7364596943186585,0.5478147265108425,0.5150989620766371,-0.6820934684991978
242,12,HK71,돈다,17.3,0,1,-0.33311198605422393,-0.47519096331149147,-0.44162168613903846,-0.38235955645093633,-0.3779644730092272,-0.1924500897298752,-0.1924500897298752,-0.40824829046386296,0.552344770738994,-0.30713546961755434,-0.050499898242807637,-0.41309886120373956
243,13,HK72,타카쓰키시,20.6,1,1,0.160131179298433,0.0,-0.44162168613903846,-0.38235955645093633,-0.3779644730092272,-0.1924500897298752,-0.1924500897298752,-0.40824829046386296,1.8411492357966466,-1.3129592297686095,-1.181697618881697,-0.6820934684991978
244,14,HK73,칸마키,24.9,0,1,-0.42266182454101414,3.3263367431804403,-0.44162168613903846,-0.38235955645093633,-0.3779644730092272,-0.1924500897298752,-0.1924500897298752,2.4494897427831783,-0.7364596943186585,-1.2626680417610567,-1.181697618881697,-0.6820934684991978
245,15,HK74,미나세,25.7,0,1,-0.4164115887479275,-0.47519096331149147,-0.44162168613903846,-0.38235955645093633,-0.3779644730092272,-0.1924500897298752,-0.1924500897298752,-0.40824829046386296,0.552344770738994,1.0004354185788173,1.3634972525558042,-0.41309886120373956
246,16,HK75,오야마자키,27.7,0,1,-0.4647956043231713,-0.47519096331149147,-0.44162168613903846,-0.38235955645093633,-0.3779644730092272,-0.1924500897298752,-0.1924500897298752,-0.40824829046386296,-0.7364596943186585,-1.011212101723293,-0.6160987585622524,-0.6820934684991978
247,17,HK76,니시야마텐노잔,30.2,0,1,-0.3787165826152854,0.0,-0.44162168613903846,-0.38235955645093633,-0.3779644730092272,-0.1924500897298752,-0.1924500897298752,-0.40824829046386296,-0.7364596943186585,-1.2626680417610567,-0.8988981887219747,-0.6820934684991978
248,18,HK77,나가오카텐진,31.7,1,1,-0.25373952266414124,-0.47519096331149147,-0.44162168613903846,-0.38235955645093633,-0.3779644730092272,-0.1924500897298752,-0.1924500897298752,-0.40824829046386296,-0.7364596943186585,-0.8100473496930819,-0.8988981887219747,-0.6820934684991978
249,19,HK78,니시무코,33.6,0,1,-0.41267804081842885,2.3759548165574573,-0.44162168613903846,-0.38235955645093633,-0.3779644730092272,-0.1924500897298752,-0.1924500897298752,-0.40824829046386296,-0.7364596943186585,-1.011212101723293,-0.6160987585622524,-0.6820934684991978
250,20,HK79,히가시무코,35.0,0,1,-0.38639109780369935,0.0,-0.44162168613903846,-0.38235955645093633,-0.3779644730092272,-0.1924500897298752,-0.1924500897298752,-0.40824829046386296,0.552344770738994,-0.10597071758734333,-0.6160987585622524,-0.6820934684991978
251,21,HK80,라쿠사이구치,36.3,0,1,-0.38293410898008945,-0.47519096331149147,-0.44162168613903846,-0.38235955645093633,-0.3779644730092272,-0.1924500897298752,-0.1924500897298752,-0.40824829046386296,0.552344770738994,-0.5585914096553181,-0.33329932840253,-0.14410425390828122
252,22,HK81,카츠라,38.0,1,1,-0.037110775021452005,-0.47519096331149147,0.20918921975007082,1.758853959674307,-0.3779644730092272,-0.1924500897298752,-0.1924500897298752,-0.40824829046386296,3.1299537008542995,0.2963587864730787,0.7978983922363595,-0.14410425390828122
253,23,HK82,니시쿄고쿠,40.1,1,0,-0.3330290183224573,0.0,-0.44162168613903846,-0.38235955645093633,-0.3779644730092272,-0.1924500897298752,-0.1924500897298752,-0.40824829046386296,-0.7364596943186585,-0.5585914096553181,-0.050499898242807637,-0.41309886120373956
254,24,HK83,사이인,41.9,1,0,-0.07515148003645507,0.0,0.20918921975007082,-0.38235955645093633,0.3779644730092272,-0.1924500897298752,-0.1924500897298752,-0.40824829046386296,0.552344770738994,0.9501442305712645,3.3430932636738606,0.6628795679780938
255,25,HK84,오미야,43.3,1,0,-0.25629769439361255,-0.47519096331149147,0.20918921975007082,-0.38235955645093633,0.3779644730092272,-0.1924500897298752,-0.1924500897298752,-0.40824829046386296,-0.7364596943186585,1.5033472986543448,-0.050499898242807637,1.2008687825690105
256,26,HK85,카라스마,44.4,1,0,0.37894474387764365,-0.47519096331149147,0.20918921975007082,-0.38235955645093633,0.3779644730092272,-0.1924500897298752,-0.1924500897298752,2.4494897427831783,0.552344770738994,1.05072660658637,1.080697822396082,1.2008687825690105
257,27,HK86,교토카와라마치,45.3,1,0,0.26869445631507755,-0.47519096331149147,0.20918921975007082,-0.38235955645093633,0.3779644730092272,-0.1924500897298752,-0.1924500897298752,2.4494897427831783,-0.7364596943186585,1.654220862677003,-0.6160987585622524,3.890814855523594
258,0,901,개화,0.0,0,1,-0.6352869829328125,-2.3295829072473744,-0.5701617002697071,-0.2927700218845599,-0.47519096331149147,-0.16439898730535724,-0.2927700218845599,1.9364916731037087,0.06969209902870228,-1.3424571564463412,-1.0361219863744013,-0.7585284731137802
259,1,902,김포공항,3.6,1,0,0.5774033159708714,4.393770293415934,4.52775467861238,-0.2927700218845599,4.684025209784702,6.0827625302982185,3.415650255319866,-0.5163977794943223,-0.813074488668193,-1.0515063658857273,-1.0361219863744013,-0.7585284731137802
260,2,903,공항시장,4.4,0,0,-0.5959879753711116,-0.0884651736929384,-0.5701617002697071,-0.2927700218845599,-0.47519096331149147,-0.16439898730535724,-0.2927700218845599,-0.5163977794943223,0.06969209902870228,0.8881655711850317,-0.2932420716153966,0.4179646688586136
261,3,904,신방화,5.2,0,0,-0.45317618848497615,-0.0884651736929384,-0.5701617002697071,-0.2927700218845599,-0.47519096331149147,-0.16439898730535724,-0.2927700218845599,-0.5163977794943223,-0.813074488668193,0.209280393210266,-0.7884953481213998,0.4179646688586136
262,4,905,마곡나루,6.1,1,0,-0.12717814970347777,-0.0884651736929384,0.7043173944508145,-0.2927700218845599,0.8146130799625568,-0.16439898730535724,3.415650255319866,-0.5163977794943223,-0.813074488668193,1.1306245633188765,-0.5408687098683982,-0.7585284731137802
263,5,906,양천향교,7.5,0,0,-0.3408132905819374,-0.0884651736929384,-0.5701617002697071,-0.2927700218845599,-0.47519096331149147,-0.16439898730535724,-0.2927700218845599,-0.5163977794943223,-0.813074488668193,0.7911819743314937,-0.5408687098683982,0.4179646688586136
264,6,907,가양,8.8,1,0,0.10214074561807797,-0.0884651736929384,-0.5701617002697071,-0.2927700218845599,-0.47519096331149147,-0.16439898730535724,-0.2927700218845599,-0.5163977794943223,-0.813074488668193,1.1791163617456455,0.6972644813966098,0.4179646688586136
265,7,908,증미,9.5,0,0,-0.4478437119743235,1.0320936930842797,-0.5701617002697071,-0.2927700218845599,-0.47519096331149147,-0.16439898730535724,-0.2927700218845599,-0.5163977794943223,0.06969209902870228,-0.6150801800448066,0.9448911196496114,-0.7585284731137802
266,8,909,등촌,10.5,0,0,-0.28002753943319475,-0.0884651736929384,-0.5701617002697071,-0.2927700218845599,-0.47519096331149147,-0.16439898730535724,-0.2927700218845599,-0.5163977794943223,-0.813074488668193,0.8396737727582627,0.6972644813966098,1.5944578108310075
267,9,910,염창,11.4,1,0,-0.03995406963637308,-0.0884651736929384,-0.5701617002697071,-0.2927700218845599,-0.47519096331149147,-0.16439898730535724,-0.2927700218845599,-0.5163977794943223,0.9524586867255976,1.2276081601724145,0.44963784314360816,-0.7585284731137802
268,10,911,신목동,12.3,0,0,-0.5677572173735386,-0.0884651736929384,-0.5701617002697071,-0.2927700218845599,-0.47519096331149147,-0.16439898730535724,-0.2927700218845599,-0.5163977794943223,2.7179918621193884,-1.1969817611660343,-1.0361219863744013,-0.7585284731137802
269,11,912,선유도,13.5,0,0,-0.40229360799887426,-0.0884651736929384,-0.5701617002697071,-0.2927700218845599,-0.47519096331149147,-0.16439898730535724,-0.2927700218845599,-0.5163977794943223,0.9524586867255976,1.4215753538794904,0.44963784314360816,0.4179646688586136
270,12,913,당산,14.5,1,0,1.7337441256968598,2.152652559861498,0.7043173944508145,-0.2927700218845599,0.8146130799625568,-0.16439898730535724,-0.2927700218845599,1.9364916731037087,1.8352252744224928,0.9366573696118007,1.9353976726616178,0.4179646688586136
271,13,914,국회의사당,16.0,0,0,-0.11086704508265778,1.0320936930842797,-0.5701617002697071,-0.2927700218845599,-0.47519096331149147,-0.16439898730535724,-0.2927700218845599,1.9364916731037087,0.9524586867255976,-0.8090473737518824,-1.0361219863744013,-0.7585284731137802
272,14,915,여의도,16.9,1,0,1.6009699416543057,-0.0884651736929384,0.7043173944508145,-0.2927700218845599,0.8146130799625568,-0.16439898730535724,3.415650255319866,-0.5163977794943223,0.06969209902870228,1.3245917570259524,0.9448911196496114,1.0062112398448106
273,15,916,샛강,17.7,0,0,-0.4903242811516239,-0.0884651736929384,0.7043173944508145,-0.2927700218845599,0.8146130799625568,-0.16439898730535724,-0.2927700218845599,-0.5163977794943223,-0.813074488668193,-1.4394407532998792,-1.0361219863744013,-0.7585284731137802
274,16,917,노량진,18.9,1,0,0.33726263008357926,-0.0884651736929384,0.7043173944508145,-0.2927700218845599,0.8146130799625568,-0.16439898730535724,-0.2927700218845599,-0.5163977794943223,0.9524586867255976,0.16078859478349705,-0.04561543336239501,-0.7585284731137802
275,17,918,노들,20.0,0,0,-0.5481525243196683,-0.0884651736929384,-0.5701617002697071,-0.2927700218845599,-0.47519096331149147,-0.16439898730535724,-0.2927700218845599,-0.5163977794943223,0.06969209902870228,-1.3909489548731102,-0.2932420716153966,-0.7585284731137802
276,18,919,흑석,21.1,0,0,-0.36409246324819006,-0.0884651736929384,-0.5701617002697071,-0.2927700218845599,-0.47519096331149147,-0.16439898730535724,-0.2927700218845599,-0.5163977794943223,0.06969209902870228,-0.5180965831912686,-0.2932420716153966,-0.17028190212758335
277,19,920,동작,22.5,1,0,0.3958302502467983,1.0320936930842797,0.7043173944508145,-0.2927700218845599,0.8146130799625568,-0.16439898730535724,-0.2927700218845599,-0.5163977794943223,-0.813074488668193,-1.3909489548731102,-1.0361219863744013,-0.7585284731137802
278,20,921,구반포,23.5,0,0,-0.6705306197027986,-0.0884651736929384,-0.5701617002697071,-0.2927700218845599,-0.47519096331149147,-0.16439898730535724,-0.2927700218845599,-0.5163977794943223,-0.813074488668193,0.6457065790511868,0.44963784314360816,2.1827043818172043
279,21,922,신반포,24.2,0,0,-0.5725967758874082,-1.2090240404701564,-0.5701617002697071,-0.2927700218845599,-0.47519096331149147,-0.16439898730535724,-0.2927700218845599,-0.5163977794943223,0.06969209902870228,-0.6150801800448066,0.2020112048906066,-0.7585284731137802
280,22,923,고속터미널,25.0,1,0,5.021193489150752,-0.0884651736929384,1.9787964891713363,-0.2927700218845599,2.104417123236605,-0.16439898730535724,-0.2927700218845599,-0.5163977794943223,1.8352252744224928,0.7426901759047247,0.9448911196496114,3.3591975237895983
281,23,924,사평,26.1,0,0,-0.578601413302765,-0.0884651736929384,-0.5701617002697071,-0.2927700218845599,-0.47519096331149147,-0.16439898730535724,-0.2927700218845599,-0.5163977794943223,0.06969209902870228,-1.3909489548731102,-1.0361219863744013,-0.7585284731137802
282,24,925,신논현,27.0,1,0,0.9001077663193194,-0.0884651736929384,0.7043173944508145,-0.2927700218845599,0.8146130799625568,-0.16439898730535724,-0.2927700218845599,-0.5163977794943223,0.06969209902870228,1.0336409664653385,3.1735308639266258,-0.7585284731137802
283,25,926,언주,27.8,0,0,-0.3069363809848497,-0.0884651736929384,-0.5701617002697071,-0.2927700218845599,-0.47519096331149147,-0.16439898730535724,-0.2927700218845599,-0.5163977794943223,1.8352252744224928,0.35475578849057293,1.687771034408616,-0.17028190212758335
284,26,927,선정릉,28.7,1,0,-0.1778366765546783,-0.6487446070815475,0.7043173944508145,-0.2927700218845599,0.8146130799625568,-0.16439898730535724,-0.2927700218845599,-0.5163977794943223,1.8352252744224928,0.7426901759047247,0.9448911196496114,1.0062112398448106
285,27,928,삼성중앙,29.5,0,0,-0.447933333428284,-0.6487446070815475,-0.5701617002697071,-0.2927700218845599,-0.47519096331149147,-0.16439898730535724,-0.2927700218845599,-0.5163977794943223,-0.813074488668193,0.7911819743314937,-0.2932420716153966,0.4179646688586136
286,28,929,봉은사,30.3,1,0,0.007410868781777267,-0.6487446070815475,-0.5701617002697071,-0.2927700218845599,-0.47519096331149147,-0.16439898730535724,-0.2927700218845599,-0.5163977794943223,-0.813074488668193,0.5487229821976488,0.44963784314360816,1.5944578108310075
287,29,930,종합운동장,31.7,1,0,0.18725872151710973,-0.0884651736929384,0.7043173944508145,3.415650255319866,-0.47519096331149147,-0.16439898730535724,-0.2927700218845599,-0.5163977794943223,-0.813074488668193,-1.3909489548731102,-1.0361219863744013,-0.7585284731137802
288,30,931,삼전,33.1,0,0,-0.448090170972715,0.47181425969567065,-0.5701617002697071,-0.2927700218845599,-0.47519096331149147,-0.16439898730535724,-0.2927700218845599,-0.5163977794943223,-0.813074488668193,0.8396737727582627,0.2020112048906066,1.5944578108310075
289,31,932,석촌고분,33.9,0,0,-0.4729153137197872,-0.6487446070815475,-0.5701617002697071,-0.2927700218845599,-0.47519096331149147,-0.16439898730535724,-0.2927700218845599,1.9364916731037087,-0.813074488668193,0.6457065790511868,0.44963784314360816,-0.17028190212758335
290,32,933,석촌,34.9,1,0,0.3776370950928068,-0.6487446070815475,0.7043173944508145,3.415650255319866,-0.47519096331149147,-0.16439898730535724,-0.2927700218845599,1.9364916731037087,-0.813074488668193,0.6457065790511868,1.192517757902613,-0.17028190212758335
291,33,934,송파나루,35.7,0,0,-0.5009220180824588,-0.6487446070815475,-0.5701617002697071,-0.2927700218845599,-0.47519096331149147,-0.16439898730535724,-0.2927700218845599,-0.5163977794943223,-0.813074488668193,0.6941983774779558,-0.5408687098683982,-0.17028190212758335
292,34,935,한성백제,36.5,0,0,-0.6183933388612489,-0.6487446070815475,-0.5701617002697071,-0.2927700218845599,-0.47519096331149147,-0.16439898730535724,-0.2927700218845599,1.9364916731037087,-0.813074488668193,-0.9060309706054204,-0.7884953481213998,-0.7585284731137802
293,35,936,올림픽공원,37.9,1,0,-0.030633438424475946,-0.0884651736929384,0.7043173944508145,3.415650255319866,-0.47519096331149147,-0.16439898730535724,-0.2927700218845599,1.9364916731037087,0.9524586867255976,-1.1969817611660343,-1.0361219863744013,-0.7585284731137802
294,36,937,둔촌오륜,38.9,0,0,-0.6793135221909324,-0.6487446070815475,-0.5701617002697071,-0.2927700218845599,-0.47519096331149147,-0.16439898730535724,-0.2927700218845599,1.9364916731037087,-0.813074488668193,-1.3424571564463412,-1.0361219863744013,-0.7585284731137802
295,37,938,중앙보훈병원,40.6,1,0,-0.3325009007270964,0.47181425969567065,-0.5701617002697071,-0.2927700218845599,-0.47519096331149147,-0.16439898730535724,-0.2927700218845599,-0.5163977794943223,-0.813074488668193,-1.1969817611660343,-1.0361219863744013,-0.7585284731137802
296,0,A-07,센가쿠지,-1.2,1,0,1.550056833802647,-1.9634531677784772,0.8212630929949859,2.4461845331508694,0.08804509063256237,-0.28867513459481287,-0.28867513459481287,3.4641016151377544,-0.7276068751089989,-0.29147622484032215,1.1160084758269382,-0.6482037235521645
297,1,KK01,시나가와,0.0,1,1,2.4543830400940485,0.20887799657217831,2.6006664611507886,-0.5119921115897169,2.835051918368509,3.4641016151377544,-0.28867513459481287,-0.28867513459481287,1.3743685418725535,0.7498281509251032,-1.2735626135907412,0.19446111706564928
298,2,KK02,키타시나가와,0.7,0,1,-0.5673656660024651,-0.8772875856031495,-0.5132894331218661,-0.5119921115897169,-0.369789380656762,-0.28867513459481287,-0.28867513459481287,-0.28867513459481287,1.3743685418725535,0.7498281509251032,-1.2735626135907412,0.19446111706564928
299,3,KK03,신반바,1.4,0,1,-0.4766931511629185,-0.8772875856031495,-0.5132894331218661,-0.5119921115897169,-0.369789380656762,-0.28867513459481287,-0.28867513459481287,-0.28867513459481287,1.3743685418725535,-1.3906308437038268,-0.5908280166142614,-0.22687130324325758
300,4,KK04,아오모노요코초,2.2,1,1,-0.1528172253790813,0.20887799657217831,-0.5132894331218661,-0.5119921115897169,-0.369789380656762,-0.28867513459481287,-0.28867513459481287,-0.28867513459481287,-0.7276068751089989,-0.1757757386441638,-0.2494607181260215,0.19446111706564928
301,5,KK05,사메즈,2.7,0,1,-0.5415395549134003,0.20887799657217831,-0.5132894331218661,-0.5119921115897169,-0.369789380656762,-0.28867513459481287,-0.28867513459481287,3.4641016151377544,-0.7276068751089989,0.22917596304239055,-0.2494607181260215,-0.6482037235521645
302,6,KK06,타치아이가와,3.5,1,1,-0.42652152606464105,0.20887799657217831,-0.5132894331218661,-0.5119921115897169,-0.369789380656762,-0.28867513459481287,-0.28867513459481287,-0.28867513459481287,-0.7276068751089989,-1.8534327884884603,-1.2735626135907412,-0.6482037235521645
303,7,KK07,오모리카이간,4.8,0,1,-0.49386058059512694,0.20887799657217831,-0.5132894331218661,-0.5119921115897169,-0.369789380656762,-0.28867513459481287,-0.28867513459481287,-0.28867513459481287,1.3743685418725535,-0.23362598174224297,-0.9321953151025013,-0.6482037235521645
304,8,KK08,헤이와지마,5.7,1,1,-0.018251566729237483,0.20887799657217831,-0.5132894331218661,-0.5119921115897169,-0.369789380656762,-0.28867513459481287,-0.28867513459481287,-0.28867513459481287,1.3743685418725535,0.4027266923366281,0.09190658036221841,-0.6482037235521645
305,9,KK09,오모리마치,6.5,0,1,-0.3829095082821638,-0.8772875856031495,-0.5132894331218661,-0.5119921115897169,-0.369789380656762,-0.28867513459481287,-0.28867513459481287,-0.28867513459481287,-0.7276068751089989,0.5184271785327865,0.09190658036221841,0.6157935373745561
306,10,KK10,우메야시키,7.2,0,1,-0.4638550625591381,-0.8772875856031495,-0.5132894331218661,-0.5119921115897169,-0.369789380656762,-0.28867513459481287,-0.28867513459481287,-0.28867513459481287,-0.7276068751089989,0.5762774216308657,1.457375774315178,-0.22687130324325758
307,11,KK11,게이큐카마타,8.0,1,1,0.12791522600197866,0.20887799657217831,-0.06843859108291545,0.9670962107805764,-0.369789380656762,-0.28867513459481287,3.4641016151377544,-0.28867513459481287,1.3743685418725535,0.5762774216308657,1.1160084758269382,0.6157935373745561
308,12,KK18,조시키,9.4,0,1,-0.24298371336855185,1.295043578747506,-0.5132894331218661,-0.5119921115897169,-0.369789380656762,-0.28867513459481287,-0.28867513459481287,-0.28867513459481287,-0.7276068751089989,0.8076783940231824,0.09190658036221841,-0.22687130324325758
309,13,KK19,로쿠고도테,10.6,0,1,-0.45896346967506996,0.20887799657217831,-0.5132894331218661,-0.5119921115897169,-0.369789380656762,-0.28867513459481287,-0.28867513459481287,-0.28867513459481287,-0.7276068751089989,-0.8121284127230348,0.09190658036221841,-0.6482037235521645
310,14,KK20,케이큐카와사키,11.8,1,1,1.1232700401014988,-0.8772875856031495,1.2661139350339365,0.9670962107805764,1.003714033211211,-0.28867513459481287,-0.28867513459481287,-0.28867513459481287,1.3743685418725535,1.1547798526116575,2.140110371291658,0.6157935373745561
311,15,KK27,핫쵸나와테,13.1,0,1,-0.46123121963281805,1.295043578747506,-0.06843859108291545,-0.5119921115897169,0.08804509063256237,-0.28867513459481287,-0.28867513459481287,-0.28867513459481287,-0.7276068751089989,1.6175817973962912,-0.9321953151025013,3.986452899845811
312,16,KK28,츠루미이치바,13.8,0,1,-0.3940233572486481,-0.8772875856031495,-0.5132894331218661,-0.5119921115897169,-0.369789380656762,-0.28867513459481287,-0.28867513459481287,-0.28867513459481287,-0.7276068751089989,-1.8534327884884603,-1.2735626135907412,-0.6482037235521645
313,17,KK29,게이큐츠루미,15.3,1,1,-0.21878813324084317,0.20887799657217831,0.3764122509560352,2.4461845331508694,-0.369789380656762,-0.28867513459481287,-0.28867513459481287,-0.28867513459481287,-0.7276068751089989,0.7498281509251032,2.140110371291658,1.45845837799237
314,18,KK30,카게츠소지지,16.1,0,1,-0.5967901902476259,0.20887799657217831,-0.5132894331218661,-0.5119921115897169,-0.369789380656762,-0.28867513459481287,-0.28867513459481287,-0.28867513459481287,-0.7276068751089989,0.34487644923854893,0.7746411773386982,-0.6482037235521645
315,19,KK31,나마무기,16.9,0,1,-0.27954883872034086,0.20887799657217831,-0.5132894331218661,-0.5119921115897169,-0.369789380656762,-0.28867513459481287,-0.28867513459481287,-0.28867513459481287,-0.7276068751089989,0.11347547684623216,0.09190658036221841,-0.6482037235521645
316,20,KK32,케이큐신코야스,18.3,0,1,-0.5790042835542134,2.3812091609228343,-0.06843859108291545,0.9670962107805764,-0.369789380656762,-0.28867513459481287,-0.28867513459481287,-0.28867513459481287,-0.7276068751089989,-0.6964279265268765,-0.2494607181260215,-0.6482037235521645
317,21,KK33,코야스,19.3,0,1,-0.5843269363476055,-0.8772875856031495,-0.5132894331218661,-0.5119921115897169,-0.369789380656762,-0.28867513459481287,-0.28867513459481287,-0.28867513459481287,-0.7276068751089989,-0.8121284127230348,-1.2735626135907412,-0.6482037235521645
318,22,KK34,가나가와신마치,20.0,1,1,-0.40843575160822054,2.3812091609228343,-0.5132894331218661,-0.5119921115897169,-0.369789380656762,-0.28867513459481287,-0.28867513459481287,-0.28867513459481287,-0.7276068751089989,-1.448481086801906,-0.5908280166142614,-0.6482037235521645
319,23,KK35,케이큐히가시카나가와,20.5,1,1,-0.36253724213280725,-0.8772875856031495,0.3764122509560352,2.4461845331508694,-0.369789380656762,-0.28867513459481287,-0.28867513459481287,-0.28867513459481287,1.3743685418725535,0.9233788802193408,0.4332738788504583,0.19446111706564928
320,24,KK36,가나가와,21.5,0,1,-0.6307127309379068,0.20887799657217831,-0.5132894331218661,-0.5119921115897169,-0.369789380656762,-0.28867513459481287,-0.28867513459481287,-0.28867513459481287,-0.7276068751089989,-1.5063313298999852,0.7746411773386982,-0.6482037235521645
321,25,KK37,요코하마,22.2,1,1,3.4855345684026497,-0.8772875856031495,3.49036814522869,-0.5119921115897169,3.750720860947157,3.4641016151377544,3.4641016151377544,-0.28867513459481287,1.3743685418725535,1.5597315542982118,-0.2494607181260215,1.037125957683463
322,0,S01,Shinjuku,0.0,1,0,3.822955485734734,-2.4494897427831783,3.703536351495597,2.4494897427831788,3.573368931028727,4.472135954999579,3.0822070014844885,0.7844645405527361,1.620886401717507,1.4597692690818864,-0.10852327827334952,0.37049347571799135
323,1,S02,Shinjuku-sanchome,0.8,0,0,-0.0069461578492934105,0.0,-0.20690147215059204,-0.408248290463863,-0.15536386656646634,-0.22360679774997894,-0.3244428422615251,0.7844645405527361,-0.3813850356982369,1.5204725456179649,0.09865752570304506,3.531265940437105
324,2,S03,Akebonobashi,2.3,0,0,-0.5941868154055072,0.0,-0.6413945636668352,-0.408248290463863,-0.6214554662658655,-0.22360679774997894,-0.3244428422615251,-1.2747548783981963,-0.3813850356982369,0.5492201210407098,0.30583832967943964,-0.11577921116187231
325,3,S04,Ichigaya,3.7,1,0,0.42422219415401285,1.2247448713915892,0.6620847108818944,-0.408248290463863,0.7768193328323318,-0.22360679774997894,-0.3244428422615251,-1.2747548783981963,-0.3813850356982369,0.5492201210407098,0.30583832967943964,-0.11577921116187231
326,4,S05,Kudanshita,5.0,0,0,0.6330322533676553,0.0,0.22759161936565117,-0.408248290463863,0.3107277331329328,-0.22360679774997894,-0.3244428422615251,-1.2747548783981963,-0.3813850356982369,0.5492201210407098,0.7201999376322289,-0.35891555460180413
327,5,S06,Jimbocho,5.6,1,0,1.0257637649293603,-1.2247448713915892,0.22759161936565117,2.4494897427831788,-0.15536386656646634,-0.22360679774997894,-0.3244428422615251,-1.2747548783981963,-0.3813850356982369,0.48851684450463145,2.58482717341978,0.6136298191579231
328,6,S07,Ogawamachi,6.5,0,0,-0.024257789640876232,0.0,0.22759161936565117,-0.408248290463863,0.3107277331329328,-0.22360679774997894,-0.3244428422615251,0.7844645405527361,-0.3813850356982369,0.7313299506489452,-0.5228848862261387,-0.602051898041736
329,7,S08,Iwamotocho,7.3,0,0,-0.33155179860218986,0.0,1.531070893914381,-0.408248290463863,1.7090025322311302,-0.22360679774997894,-0.3244428422615251,0.7844645405527361,1.620886401717507,-0.3613290270004667,-0.3157040822497441,-0.35891555460180413
330,8,S09,Bakuro-yokoyama,8.1,1,0,0.7017268154623709,0.0,0.22759161936565117,-0.408248290463863,0.3107277331329328,-0.22360679774997894,3.0822070014844885,-1.2747548783981963,-0.3813850356982369,0.8527365037211021,-0.7300656902025333,1.8293115363575823
331,9,S10,Hamacho,8.7,0,0,-0.8568552846374073,-1.2247448713915892,-0.6413945636668352,-0.408248290463863,-0.6214554662658655,-0.22360679774997894,-0.3244428422615251,0.7844645405527361,-0.3813850356982369,-0.0578126443200745,-0.7300656902025333,-0.35891555460180413
332,10,S11,Morishita,9.5,1,0,0.06010923524486653,0.0,-0.20690147215059204,2.4494897427831788,-0.6214554662658655,-0.22360679774997894,-0.3244428422615251,0.7844645405527361,-0.3813850356982369,-0.0578126443200745,-0.7300656902025333,-0.35891555460180413
333,11,S12,Kikukawa,10.3,0,0,-0.8019096706902097,0.0,-0.6413945636668352,-0.408248290463863,-0.6214554662658655,-0.22360679774997894,-0.3244428422615251,0.7844645405527361,-0.3813850356982369,-0.0578126443200745,-0.7300656902025333,-0.35891555460180413
334,12,S13,Sumiyoshi,11.2,0,0,-0.48999922658447403,-1.2247448713915892,-0.20690147215059204,-0.408248290463863,-0.15536386656646634,-0.22360679774997894,-0.3244428422615251,-1.2747548783981963,-0.3813850356982369,-0.0578126443200745,-0.7300656902025333,-0.35891555460180413
335,13,S14,Nishi-ojima,12.2,0,0,-0.7502089423155407,0.0,-0.6413945636668352,-0.408248290463863,-0.6214554662658655,-0.22360679774997894,-0.3244428422615251,0.7844645405527361,-0.3813850356982369,0.12429718528816082,1.5489231535378072,-0.35891555460180413
336,14,S15,Ojima,12.9,1,0,-0.6765801470048667,0.0,-0.6413945636668352,-0.408248290463863,-0.6214554662658655,-0.22360679774997894,-0.3244428422615251,0.7844645405527361,-0.3813850356982369,0.12429718528816082,1.5489231535378072,-0.35891555460180413
337,15,S16,Higashi-ojima,14.1,0,1,-0.6843912890789432,0.0,-0.6413945636668352,-0.408248290463863,-0.6214554662658655,-0.22360679774997894,-0.3244428422615251,-1.2747548783981963,-0.3813850356982369,-2.1217240465467415,-1.1444272981553225,-0.8451882414816678
338,16,S17,Funabori,15.8,1,1,-0.17313782304848852,1.2247448713915892,-0.6413945636668352,-0.408248290463863,-0.6214554662658655,-0.22360679774997894,-0.3244428422615251,-1.2747548783981963,-0.3813850356982369,-0.0578126443200745,0.09865752570304506,-0.8451882414816678
339,17,S18,Ichinoe,17.5,0,0,-0.5020421008742707,0.0,-0.6413945636668352,-0.408248290463863,-0.6214554662658655,-0.22360679774997894,-0.3244428422615251,0.7844645405527361,-0.3813850356982369,-1.6968011107941923,-0.9372464941789279,-0.602051898041736
340,18,S19,Mizue,19.2,0,0,-0.2846347675148567,1.2247448713915892,-0.6413945636668352,-0.408248290463863,-0.6214554662658655,-0.22360679774997894,-0.3244428422615251,0.7844645405527361,-0.3813850356982369,-1.6968011107941923,-0.9372464941789279,-0.602051898041736
341,19,S20,Shinozaki,20.7,0,0,-0.5637618316094791,0.0,-0.6413945636668352,-0.408248290463863,-0.6214554662658655,-0.22360679774997894,-0.3244428422615251,0.7844645405527361,-0.3813850356982369,-1.6968011107941923,-0.9372464941789279,-0.602051898041736
342,20,S21,Moto-Yawata,23.5,1,0,0.07265389596340481,2.4494897427831783,0.22759161936565117,-0.408248290463863,0.3107277331329328,-0.22360679774997894,-0.3244428422615251,0.7844645405527361,3.623157839133251,0.9134397802571805,1.3417423495614127,0.856766162597855
343,0,409,당고개,0.0,0,1,-0.9904161494423779,-2.821428571428571,-0.5915167019106974,-0.6461623427559643,-0.3546496828075953,-0.2041241452319315,-0.36927447293799814,-0.6859943405700353,0.49431153274298084,-0.1020946334949616,-0.9386679716361958,-0.9929942367227821
344,1,410,상계,1.2,0,1,-0.7156408432294714,-0.14285714285714277,-0.5915167019106974,-0.6461623427559643,-0.3546496828075953,-0.2041241452319315,-0.36927447293799814,-0.6859943405700353,-0.19223226273338145,0.6271527486119071,0.16564728911226972,-0.9929942367227821
345,2,411,노원,2.2,0,1,0.03306594761928393,-0.14285714285714277,0.23003427296527124,1.1487330537883809,-0.3546496828075953,-0.2041241452319315,-0.36927447293799814,-0.6859943405700353,-0.8787760582097437,0.7486939789630519,-0.11043152607484664,2.4980011267557485
346,3,412,창동,3.6,0,1,0.7827362586401071,0.75,0.23003427296527124,-0.6461623427559643,0.6304883249912806,-0.2041241452319315,-0.36927447293799814,-0.6859943405700353,-0.8787760582097437,-0.04132401831938921,-0.11043152607484664,-0.6051058630029453
347,4,413,쌍문,4.9,0,1,-0.42796124899779986,-0.14285714285714277,-0.5915167019106974,-0.6461623427559643,-0.3546496828075953,-0.2041241452319315,-0.36927447293799814,-0.6859943405700353,0.49431153274298084,0.32329967273404514,1.2699625498607352,-0.6051058630029453
348,5,414,수유,6.4,0,0,-0.23002667650730044,0.75,-0.5915167019106974,-0.6461623427559643,-0.3546496828075953,-0.2041241452319315,-0.36927447293799814,-0.6859943405700353,2.5539429191720675,0.38407028790961756,1.2699625498607352,0.17067088443672815
349,6,415,미아,7.8,0,0,-0.8332075099391013,-0.14285714285714277,-0.5915167019106974,-0.6461623427559643,-0.3546496828075953,-0.2041241452319315,-0.36927447293799814,-0.6859943405700353,1.180855328219343,0.8094645941386243,1.5460413650478515,-0.6051058630029453
350,7,416,미아사거리,9.3,0,0,-0.4498641271949839,0.75,-0.5915167019106974,-0.6461623427559643,-0.3546496828075953,-0.2041241452319315,-0.36927447293799814,-0.6859943405700353,2.5539429191720675,0.20175844238290036,0.4417261042993861,0.17067088443672815
351,8,417,길음,10.6,0,0,-0.644615641974188,-0.14285714285714277,-0.5915167019106974,-0.6461623427559643,-0.3546496828075953,-0.2041241452319315,-0.36927447293799814,1.457737973711325,-0.8787760582097437,-1.3175069370064094,-0.9386679716361958,-0.9929942367227821
352,9,418,성신여대입구,12.0,0,0,-0.22071838341643116,0.75,0.23003427296527124,-0.6461623427559643,0.6304883249912806,-0.2041241452319315,-0.36927447293799814,-0.6859943405700353,1.180855328219343,0.32329967273404514,1.5460413650478515,0.9464476318764017
353,10,419,한성대입구,13.0,0,0,-0.860100046170208,-0.14285714285714277,-0.5915167019106974,-0.6461623427559643,-0.3546496828075953,-0.2041241452319315,-0.36927447293799814,1.457737973711325,0.49431153274298084,0.08021721203175558,0.16564728911226972,-0.6051058630029453
354,11,420,혜화,13.9,0,0,-0.193946287206833,-0.14285714285714277,-0.5915167019106974,-0.6461623427559643,-0.3546496828075953,-0.2041241452319315,-0.36927447293799814,-0.6859943405700353,-0.19223226273338145,0.8702352093141966,1.822120180234968,0.17067088443672815
355,12,421,동대문,15.4,0,0,0.17659604182266936,0.75,0.23003427296527124,1.1487330537883809,-0.3546496828075953,-0.2041241452319315,-0.36927447293799814,1.457737973711325,-0.8787760582097437,0.4448409030851899,-0.9386679716361958,-0.6051058630029453
356,13,422,동대문역사문화공원,16.1,0,0,2.8512248051787306,-1.0357142857142856,1.05158524784124,2.943628450332726,-0.3546496828075953,-0.2041241452319315,2.70801280154532,1.457737973711325,-0.8787760582097437,0.08021721203175558,-1.2147467868233122,0.5585592581565649
357,14,423,충무로,17.4,0,0,1.7801172824691465,0.75,0.23003427296527124,1.1487330537883809,-0.3546496828075953,-0.2041241452319315,-0.36927447293799814,-0.6859943405700353,-0.8787760582097437,0.32329967273404514,-0.6625891564490793,0.17067088443672815
358,15,424,명동,18.1,0,0,-0.5763777669309577,-1.0357142857142856,-0.5915167019106974,-0.6461623427559643,-0.3546496828075953,-0.2041241452319315,-0.36927447293799814,1.457737973711325,-0.19223226273338145,0.9310058244897691,1.2699625498607352,2.885889500475585
359,16,425,회현,18.8,0,0,-0.5234529803366621,-1.0357142857142856,-0.5915167019106974,-0.6461623427559643,-0.3546496828075953,-0.2041241452319315,-0.36927447293799814,1.457737973711325,-0.19223226273338145,0.4448409030851899,-0.11043152607484664,0.5585592581565649
360,17,426,서울역,19.7,0,0,1.4032432494517701,-0.14285714285714277,4.337789147345115,1.1487330537883809,4.571040356186784,4.898979485566356,2.70801280154532,1.457737973711325,-0.8787760582097437,-2.4113780101667124,-1.2147467868233122,-0.6051058630029453
361,18,427,숙대입구,20.7,0,0,-0.8663629272886487,-0.14285714285714277,-0.5915167019106974,-0.6461623427559643,-0.3546496828075953,-0.2041241452319315,-0.36927447293799814,-0.6859943405700353,-0.8787760582097437,0.4448409030851899,-0.11043152607484664,-0.2172174892831086
362,19,428,삼각지,21.9,0,0,-0.3046994898425549,-0.14285714285714277,0.23003427296527124,1.1487330537883809,-0.3546496828075953,-0.2041241452319315,-0.36927447293799814,-0.6859943405700353,0.49431153274298084,0.14098782720732797,-1.2147467868233122,-0.2172174892831086
363,20,429,신용산,22.6,0,0,-0.7513082953133384,-1.0357142857142856,-0.5915167019106974,-0.6461623427559643,-0.3546496828075953,-0.2041241452319315,-0.36927447293799814,-0.6859943405700353,-0.8787760582097437,0.9310058244897691,-0.6625891564490793,1.3343360055962383
364,21,430,이촌,23.9,0,0,-0.506608583042834,-0.14285714285714277,0.23003427296527124,-0.6461623427559643,0.6304883249912806,-0.2041241452319315,-0.36927447293799814,-0.6859943405700353,0.49431153274298084,-2.289836779815568,-0.9386679716361958,-0.6051058630029453
365,22,431,동작,26.6,0,1,-0.509189440646587,2.5357142857142856,0.23003427296527124,-0.6461623427559643,0.6304883249912806,-0.2041241452319315,2.70801280154532,-0.6859943405700353,-0.8787760582097437,-2.59368985569343,-1.4908256020104285,-0.9929942367227821
366,23,432,총신대입구,28.4,0,0,0.46157433842907947,1.6428571428571428,0.23003427296527124,1.1487330537883809,-0.3546496828075953,-0.2041241452319315,-0.36927447293799814,-0.6859943405700353,-0.19223226273338145,0.4448409030851899,0.7178049194865025,-0.6051058630029453
367,24,433,사당,29.5,0,0,2.1159384738694915,-0.14285714285714277,0.23003427296527124,1.1487330537883809,-0.3546496828075953,-0.2041241452319315,-0.36927447293799814,1.457737973711325,-0.19223226273338145,0.20175844238290036,0.4417261042993861,-0.2172174892831086
